 # de.tudarmstadt.ukp.dkpro.core.api.segmentation.type.Lemma | value # de.tudarmstadt.ukp.dkpro.core.api.lexmorph.type.pos.POS | PosValue # de.tudarmstadt.ukp.dkpro.core.api.ner.type.NamedEntity | value
#id=1
#text=Så både de og bilen måtte bugseres retur til Østerbro, og der er udsigt til en klækkelig mekanikerregning.
1-1	Så	så	D-:----:--:u---	O	
1-2	både	både	D-:----:--:u---	O	
1-3	de	de	NP:siu#:--:----	O	
1-4	og	og	CC:----:--:----	O	
1-5	bilen	bil	NC:sduc:--:----	B-noun.vehicle	
1-6	måtte	måtte	VF:----:ta:----	B-verb.cognition|B-verb.emotion|B-verb.phenomenon	
1-7	bugseres	bugsere	VI:----:-p:----	B-verb.motion	
1-8	retur	retur	D-:----:--:u---	O	
1-9	til	til	T-:----:--:----	O	
1-10	Østerbro	Østerbro	NP:siu#:--:----	O	
1-11	,	,	ZD	O	
1-12	og	og	CC:----:--:----	O	
1-13	der	der	US:----:--:----	O	
1-14	er	være	VF:----:sa:----	B-verb.TOP|B-verb.social|B-verb.stative	
1-15	udsigt	udsigt	NC:siuc:--:----	B-noun.feeling|B-noun.phenomenon	
1-16	til	til	T-:----:--:----	O	
1-17	en	en	PI:s-uc:--:----	O	
1-18	klækkelig	klækkelig	AC:siuc:--:p---	B-adj.phys	
1-19	mekanikerregning	mekanikerregning	NC:siuc:--:----	O	
1-20	.	.	ZP	O	

#id=2
#text=Tags:nørderi, olivenbrød, rødbedesalat med avocado, Væksthus Hovedstadsregionen
2-1	Tags	tag	NC:piu#:--:----	B-noun.act|B-noun.feeling|B-noun.artifact	
2-2	:	:	ZP	O	
2-3	nørderi	nørderi	D-:----:--:u---	O	
2-4	,	,	ZD	O	
2-5	olivenbrød	olivenbryde	VF:----:ta:----	O	
2-6	,	,	ZD	O	
2-7	rødbedesalat	rødbedesalat	NC:siuc:--:----	B-noun.food	
2-8	med	med	T-:----:--:----	O	
2-9	avocado	avocado	NC:siuc:--:----	B-noun.plant|B-noun.food	
2-10	,	,	ZD	O	
2-11	Væksthus	væksthus	NC:siun:--:----	B-noun.location|B-noun.building	
2-12	Hovedstadsregionen	hovedstadsregion	NC:sduc:--:----	B-noun.location	

#id=3
#text=Men det er der en rigtig god grund til (altså ud over den, der hedder arbejde ).
3-1	Men	men	CC:----:--:----	O	
3-2	det	det	PP:s-un:--:-3n-	O	
3-3	er	være	VF:----:sa:----	B-verb.TOP|B-verb.social|B-verb.stative	
3-4	der	der	US:----:--:----	O	
3-5	en	en	PI:s-uc:--:----	O	
3-6	rigtig	rigtig	AC:siuc:--:p---	B-adj.phys	
3-7	god	god	AC:siuc:--:p---	B-adj.all	
3-8	grund	grund	NC:siuc:--:----	B-noun.object|B-noun.location|B-noun.act	
3-9	til	til	T-:----:--:----	O	
3-10	(	(	ZD	O	
3-11	altså	altså	D-:----:--:u---	O	
3-12	ud	ud	D-:----:--:u---	O	
3-13	over	over	T-:----:--:----	O	
3-14	den	den	PP:s-uc:--:-3n-	O	
3-15	,	,	ZD	O	
3-16	der	der	US:----:--:----	O	
3-17	hedder	hedde	VF:----:sa:----	O	
3-18	arbejde	arbejde	VI:----:-a:----	B-verb.social	
3-19	)	)	ZD	O	
3-20	.	.	ZP	O	

#id=4
#text=Hurra!!
4-1	Hurra	hurra	I-:----:--:----	O	
4-2	!	!	ZP	O	
4-3	!	!	ZP	O	

#id=5
#text=Helt inde bagerst i højre overmund.
5-1	Helt	hel	AD:----:--:p---	B-adj.phys	
5-2	inde	inde	D-:----:--:u---	O	
5-3	bagerst	bagerst	AD:----:--:p---	O	
5-4	i	i	T-:----:--:----	O	
5-5	højre	højre	AC:§§u§:--:p---	O	
5-6	overmund	overmund	NC:siuc:--:----	B-noun.artifact	
5-7	.	.	ZP	O	

#id=6
#text= Der var ikke mange.
6-1	Der	der	US:----:--:----	O	
6-2	var	være	VF:----:ta:----	B-verb.TOP|B-verb.social|B-verb.stative	
6-3	ikke	ikke	D-:----:--:u---	O	
6-4	mange	mangen	AC:p#u#:--:p---	O	
6-5	.	.	ZP	O	

#id=7
#text=Koldtvand er godt til bagning kan man læse på tjek på politiken.dk i en artikel, som bl.a. indeholder den indlysende udtalelse:
7-1	Koldt	kold	AC:siun:--:p---	B-adj.social|B-adj.mental|B-adj.phys	
7-2	vand	vand	NC:siun:--:----	B-noun.location|B-noun.container|B-noun.substance|B-noun.artifact	
7-3	er	være	VF:----:sa:----	B-verb.TOP|B-verb.social|B-verb.stative	
7-4	godt	god	AC:siun:--:p---	B-adj.all	
7-5	til	til	T-:----:--:----	O	
7-6	bagning	bagning	NC:siuc:--:----	O	
7-7	kan	kunne	VF:----:sa:----	B-verb.social	
7-8	man	man	PI:#-uc:--:----	O	
7-9	læse	læse	VI:----:-a:----	B-verb.cognition	
7-10	på	på	T-:----:--:----	O	
7-11	tjek	check	NC:siun:--:----	O	
7-12	på	på	T-:----:--:----	O	
7-13	politiken	politiken	PI:s-uc:--:----	O	
7-14	.	.	ZP	O	
7-15	dk	dk	XS:----:--:----	O	
7-16	i	i	T-:----:--:----	O	
7-17	en	en	PI:s-uc:--:----	O	
7-18	artikel	artikel	NC:siuc:--:----	B-noun.communication|B-noun.TOP	
7-19	,	,	ZD	O	
7-20	som	som	US:----:--:----	O	
7-21	bl	blandt	T-:----:--:----	O	
7-22	.	.	ZP	O	
7-23	a	anden	PI:s-un:--:----	O	
7-24	.	.	ZP	O	
7-25	indeholder	indeholde	VF:----:sa:----	B-verb.stative	
7-26	den	den	PM:s-uc:--:----	O	
7-27	indlysende	ende	AC:sdu#:--:p---	B-adj.mental	
7-28	udtalelse	udtalelse	NC:siuc:--:----	B-noun.communication	
7-29	:	:	ZP	O	

#id=8
#text=PåFreakonomics har økonomiprofessor Steven Levitt (humoristisk) skrevet om undersøgelsen, og det har udløst debat.
8-1	På	på	T-:----:--:----	O	
8-2	Freakonomics	Freakonomics	NP:siu#:--:----	O	
8-3	har	have	VF:----:sa:----	B-verb.perception|B-verb.act|B-verb.communication|B-verb.phenomenon|B-verb.cognition|B-verb.TOP	
8-4	økonomiprofessor	økonomiprofessor	NC:siuc:--:----	B-noun.person	
8-5	Steven	Steven	NP:siu#:--:----	O	
8-6	Levitt	Levitt	NP:siu#:--:----	O	
8-7	(	(	ZD	O	
8-8	humoristisk	humoristisk	AC:siu§:--:p---	B-adj.all	
8-9	)	)	ZD	O	
8-10	skrevet	skrive	VT:siu#:t-:----	B-verb.creation|B-verb.communication	
8-11	om	om	T-:----:--:----	O	
8-12	undersøgelsen	undersøgelse	NC:sduc:--:----	B-noun.act|B-noun.cognition	
8-13	,	,	ZD	O	
8-14	og	og	CC:----:--:----	O	
8-15	det	det	PP:s-un:--:-3n-	O	
8-16	har	have	VF:----:sa:----	B-verb.perception|B-verb.communication|B-verb.cognition|B-verb.act|B-verb.phenomenon|B-verb.TOP	
8-17	udløst	udløse	VT:siu#:t-:----	B-verb.change|B-verb.motion	
8-18	debat	debat	NC:siuc:--:----	B-noun.act	
8-19	.	.	ZP	O	

#id=9
#text=Togange på to dage er jeg nu stødt på pudsigheder, som enhver årvågen korrekturlæser burde have fanget.
9-1	To	to	LC:--u-:--:----	O	
9-2	gange	gang	NC:piu#:--:----	B-noun.act|B-noun.location|B-noun.TOP|B-act|B-noun.quantity	
9-3	på	på	T-:----:--:----	O	
9-4	to	to	LC:--u-:--:----	O	
9-5	dage	dag	NC:piu#:--:----	B-noun.time	
9-6	er	være	VF:----:sa:----	B-verb.TOP|B-verb.social|B-verb.stative	
9-7	jeg	jeg	PP:s-nc:--:-1n-	O	
9-8	nu	nu	D-:----:--:u---	O	
9-9	stødt	støde	VT:siu#:t-:----	B-verb.motion|B-verb.emotion|B-verb.phenomenon	
9-10	på	på	T-:----:--:----	O	
9-11	pudsigheder	pudsighed	NC:piu#:--:----	B-noun.phenomenon	
9-12	,	,	ZD	O	
9-13	som	som	US:----:--:----	O	
9-14	enhver	enhver	PI:s-uc:--:----	O	
9-15	årvågen	årvågen	AC:siuc:--:p---	B-adj.mental	
9-16	korrekturlæser	korrekturlæser	NC:siuc:--:----	B-noun.person	
9-17	burde	burde	VF:----:ta:----	B-verb.TOP	
9-18	have	have	VI:----:-a:----	B-verb.perception|B-verb.cognition|B-verb.act|B-verb.communication|B-verb.phenomenon|B-verb.TOP	
9-19	fanget	fange	VT:siu#:t-:----	B-verb.possession|B-verb.act|B-verb.phenomenon	
9-20	.	.	ZP	O	

#id=10
#text=Du kan skrive en kommentar, eller sende et trackback fra dit eget site.
10-1	Du	du	PP:s-nc:--:-2n-	O	
10-2	kan	kunne	VF:----:sa:----	B-verb.social	
10-3	skrive	skrive	VI:----:-a:----	B-verb.creation|B-verb.communication	
10-4	en	en	PI:s-uc:--:----	O	
10-5	kommentar	kommentar	NC:siuc:--:----	B-noun.act|B-noun.communication	
10-6	,	,	ZD	O	
10-7	eller	eller	CC:----:--:----	O	
10-8	sende	sende	VI:----:-a:----	B-verb.phenomenon|B-verb.communication|B-verb.act	
10-9	et	en	PI:s-un:--:----	O	
10-10	trackback	trackback	NC:siun:--:----	O	
10-11	fra	fra	T-:----:--:----	O	
10-12	dit	din	:-2ns	O	
10-13	eget	egen	AC:siun:--:p---	O	
10-14	site	site	NC:siu#:--:----	B-noun.communication	
10-15	.	.	ZP	O	

#id=11
#text=Detteindlæg blev udgivet den fredag, 18. juni 2010 kl. 18:00 og er gemt i Min have.Du kan følge alle svar til dette indlæg via RSS 2.0-feedet.
11-1	Dette	denne	PM:s-un:--:----	O	
11-2	indlæg	indlæg	NC:siun:--:----	B-noun.act|B-noun.artifact|B-noun.communication	
11-3	blev	blive	VF:----:ta:----	B-verb.TOP|B-verb.act|B-verb.stative	
11-4	udgivet	udgive	VT:siu#:t-:----	B-verb.communication	
11-5	den	den	PM:s-uc:--:----	O	
11-6	fredag	fredag	NC:siuc:--:----	B-noun.time	
11-7	,	,	ZD	O	
11-8	18	18	LC:--u-:--:----	O	
11-9	.	.	ZP	O	
11-10	juni	juni	NC:siuc:--:----	B-noun.time	
11-11	2010	2010	LC:--u-:--:----	O	
11-12	kl	kl	XS:----:--:----	O	
11-13	.	.	ZP	O	
11-14	18	18	LC:--u-:--:----	O	
11-15	:	:	ZP	O	
11-16	00	00	LC:--u-:--:----	O	
11-17	og	og	CC:----:--:----	O	
11-18	er	være	VF:----:sa:----	B-verb.TOP|B-verb.social|B-verb.stative	
11-19	gemt	gemme	VT:siu#:t-:----	B-verb.motion	
11-20	i	i	T-:----:--:----	O	
11-21	Min	min	PO:s--c:--:-1ns	O	
11-22	have	have	NC:siuc:--:----	B-noun.location|B-noun.quantity	
11-23	.	.	ZP	O	
11-24	Du	du	PP:s-nc:--:-2n-	O	
11-25	kan	kunne	VF:----:sa:----	B-verb.social	
11-26	følge	følge	VI:----:-a:----	B-verb.motion	
11-27	alle	al	PI:p-u#:--:----	O	
11-28	svar	svar	NC:piu#:--:----	B-noun.communication|B-noun.person|B-noun.act|B-noun.cognition	
11-29	til	til	T-:----:--:----	O	
11-30	dette	denne	PM:s-un:--:----	O	
11-31	indlæg	indlæg	NC:siun:--:----	B-noun.act|B-noun.artifact|B-noun.communication	
11-32	via	via	T-:----:--:----	O	
11-33	RSS	rss	XS:----:--:----	O	
11-34	2	2	LC:--u-:--:----	O	
11-35	.	.	ZP	O	
11-36	0	0	LC:--u-:--:----	O	
11-37	-	-	ZH	O	
11-38	feedet	feed	NC:sdun:--:----	O	
11-39	.	.	ZP	O	

#id=12
#text=Nu kom det jo til at handle om mad igen .
12-1	Nu	nu	D-:----:--:u---	O	
12-2	kom	komme	VF:----:ta:----	B-verb.social|B-verb.communication|B-verb.act|B-verb.motion	
12-3	det	det	PP:s-un:--:-3n-	O	
12-4	jo	jo	D-:----:--:u---	O	
12-5	til	til	T-:----:--:----	O	
12-6	at	at	UI:----:--:----	O	
12-7	handle	handle	VI:----:-a:----	B-verb.social|B-verb.act|B-verb.possession	
12-8	om	om	T-:----:--:----	O	
12-9	mad	mad	NC:siuc:--:----	B-noun.food	
12-10	igen	igen	D-:----:--:u---	O	
12-11	.	.	ZP	O	

#id=13
#text=Selv om jeg ved, at det kan bruges til meget andet, fx deltagelse i grupper om diverse emner, brancher osv.
13-1	Selv	selv	D-:----:--:u---	O	
13-2	om	om	CS:----:--:----	O	
13-3	jeg	jeg	PP:s-nc:--:-1n-	O	
13-4	ved	vide	VF:----:sa:----	B-verb.cognition|B-verb.emotion	
13-5	,	,	ZD	O	
13-6	at	at	CS:----:--:----	O	
13-7	det	det	PP:s-un:--:-3n-	O	
13-8	kan	kunne	VF:----:sa:----	B-verb.social	
13-9	bruges	bruge	VI:----:-p:----	B-verb.act|B-verb.communication	
13-10	til	til	T-:----:--:----	O	
13-11	meget	megen	AD:----:--:p---	O	
13-12	andet	anden	PI:s-un:--:----	O	
13-13	,	,	ZD	O	
13-14	fx	fx	D-:----:--:u---	O	
13-15	deltagelse	deltagelse	NC:siuc:--:----	B-noun.act|B-noun.feeling	
13-16	i	i	T-:----:--:----	O	
13-17	grupper	gruppe	NC:piu#:--:----	B-noun.group|B-noun.person	
13-18	om	om	T-:----:--:----	O	
13-19	diverse	diverse	AC:§§u§:--:p---	O	
13-20	emner	emne	NC:piu#:--:----	B-noun.person|B-noun.TOP	
13-21	,	,	ZD	O	
13-22	brancher	branche	VF:----:sa:----	O	
13-23	osv	osv	D-:----:--:u---	O	
13-24	.	.	ZP	O	

#id=14
#text=Masseraf gange har jeg læst begejstrede ord om Jussi Adler-Olsens bøger bl.a. her  i blogland.
14-1	Masser	masse	NC:piu#:--:----	B-noun.quantity|B-noun.substance	
14-2	af	af	T-:----:--:----	O	
14-3	gange	gang	NC:piu#:--:----	B-noun.act|B-noun.location|B-noun.TOP|B-noun.artifact|B-noun.quantity	
14-4	har	have	VF:----:sa:----	B-verb.perception|B-verb.cognition|B-verb.act|B-verb.communication|B-verb.phenomenon|B-verb.TOP	
14-5	jeg	jeg	PP:s-nc:--:-1n-	O	
14-6	læst	læse	VT:siu#:t-:----	B-verb.cognition	
14-7	begejstrede	begejstret	AC:p#u#:--:p---	B-adj.mental	
14-8	ord	ord	NC:piu#:--:----	B-noun.act|B-noun.communication	
14-9	om	om	T-:----:--:----	O	
14-10	Jussi	Jussi	NP:siu#:--:----	O	
14-11	Adler	Adler	NP:siu#:--:----	O	
14-12	-	-	ZH	O	
14-13	Olsens	Olsen	NP:sig#:--:----	O	
14-14	bøger	bog	NC:piu#:--:----	B-noun.communication	
14-15	bl	blandt	T-:----:--:----	O	
14-16	.	.	ZP	O	
14-17	a	anden	PI:s-un:--:----	O	
14-18	.	.	ZP	O	
14-19	her	her	D-:----:--:u---	O	
14-20	i	i	T-:----:--:----	O	
14-21	blogland	blogland	NC:siun:--:----	O	
14-22	.	.	ZP	O	

#id=15
#text=Hårdt.
15-1	Hårdt	hård	AD:----:--:p---	B-adj.social|B-adj.all|B-adj.phys	
15-2	.	.	ZP	O	

#id=16
#text=Sådet var et tiltrængt udslag af fornuft, der fik manden i mit liv og mig  til at planlægge en tur i fitnesscenter i dag efter arbejde.
16-1	Så	så	CS:----:--:----	O	
16-2	det	det	PP:s-un:--:-3n-	O	
16-3	var	være	VF:----:ta:----	B-verb.TOP|B-verb.social|B-verb.stative	
16-4	et	en	PI:s-un:--:----	O	
16-5	tiltrængt	tiltrængt	AC:siu§:--:p---	O	
16-6	udslag	lag	NC:siun:--:----	B-noun.TOP	
16-7	af	af	T-:----:--:----	O	
16-8	fornuft	fornuft	NC:siuc:--:----	B-noun.feeling	
16-9	,	,	ZD	O	
16-10	der	der	US:----:--:----	O	
16-11	fik	få	VF:----:ta:----	B-verb.change|B-verb.act|B-verb.phenomenon|B-verb.possession	
16-12	manden	mand	NC:sduc:--:----	B-noun.object|B-noun.person	
16-13	i	i	T-:----:--:----	O	
16-14	mit	min	PO:s--n:--:-1ns	O	
16-15	liv	liv	NC:siun:--:----	B-noun.object|B-noun.person|B-noun.attribute|B-noun.phenomenon|B-noun.state|B-noun.time|B-noun.body|B-noun.feeling|B-noun.event	
16-16	og	og	CC:----:--:----	O	
16-17	mig	jeg	PP:s-uc:--:-1#-	O	
16-18	til	til	T-:----:--:----	O	
16-19	at	at	UI:----:--:----	O	
16-20	planlægge	planlægge	VI:----:-a:----	B-verb.cognition	
16-21	en	en	PI:s-uc:--:----	O	
16-22	tur	tur	NC:siuc:--:----	B-noun.event|B-noun.attribute|B-noun.time|B-noun.act|B-noun.state	
16-23	i	i	T-:----:--:----	O	
16-24	fitnesscenter	fitnesscenter	NC:siun:--:----	B-noun.building	
16-25	i	i	T-:----:--:----	O	
16-26	dag	dag	NC:siuc:--:----	B-noun.time	
16-27	efter	efter	T-:----:--:----	O	
16-28	arbejde	arbejde	NC:siun:--:----	B-noun.act|B-noun.building|B-noun.artifact	
16-29	.	.	ZP	O	

#id=17
#text=Førstfik vi lige lidt mere kunst med på vejen på Spars parkeringsplads ved beklageligvis ikke, hvem kunstneren er.
17-1	Først	først	D-:----:--:u---	O	
17-2	fik	få	VF:----:ta:----	B-verb.change|B-verb.phenomenon|B-verb.act|B-verb.possession	
17-3	vi	vi	PP:p-nc:--:-1n-	O	
17-4	lige	lige	D-:----:--:u---	O	
17-5	lidt	lidt	AD:----:--:p---	O	
17-6	mere	megen	AC:##u#:--:c---	O	
17-7	kunst	kunst	NC:siuc:--:----	B-noun.domain|B-noun.artifact|B-noun.feeling|B-noun.act	
17-8	med	med	T-:----:--:----	O	
17-9	på	på	T-:----:--:----	O	
17-10	vejen	vej	NC:sduc:--:----	B-noun.motive|B-noun.location|B-noun.TOP|B-noun.quantity	
17-11	på	på	T-:----:--:----	O	
17-12	Spars	spar	NC:pig#:--:----	B-noun.artifact	
17-13	parkeringsplads	parkeringsplads	NC:siuc:--:----	B-noun.location	
17-14	ved	ved	T-:----:--:----	O	
17-15	beklageligvis	beklageligvis	D-:----:--:u---	O	
17-16	ikke	ikke	D-:----:--:u---	O	
17-17	,	,	ZD	O	
17-18	hvem	hvem	XY:----:--:----	O	
17-19	kunstneren	kunstner	NC:sduc:--:----	B-noun.person	
17-20	er	være	VF:----:sa:----	B-verb.TOP|B-verb.social|B-verb.stative	
17-21	.	.	ZP	O	

#id=18
#text=Derfor må her fx gerne bo et sammenbragt miks af sofaer, for de taler jo deres tydelige sprog om, at vi også er et sammenbragt miks af mennesker.
18-1	Derfor	derfor	D-:----:--:u---	O	
18-2	må	måtte	VF:----:sa:----	B-verb.cognition|B-verb.emotion|B-verb.phenomenon	
18-3	her	her	D-:----:--:u---	O	
18-4	fx	fx	D-:----:--:u---	O	
18-5	gerne	gerne	D-:----:--:u---	O	
18-6	bo	bo	VI:----:-a:----	B-verb.motion	
18-7	et	en	PI:s-un:--:----	O	
18-8	sammenbragt	sammenbragt	AC:siun:--:p---	O	
18-9	miks	miks	NC:siun:--:----	B-noun.group|B-noun.food|B-noun.phenomenon	
18-10	af	af	T-:----:--:----	O	
18-11	sofaer	sofa	NC:piu#:--:----	B-noun.artifact	
18-12	,	,	ZD	O	
18-13	for	for	T-:----:--:----	O	
18-14	de	den	PM:p-u#:--:----	O	
18-15	taler	tale	NC:piu#:--:----	B-noun.communication|B-noun.person|B-noun.act|B-noun.motive	
18-16	jo	jo	CS:----:--:----	O	
18-17	deres	deres	PO:#--#:--:-3np	O	
18-18	tydelige	tydelig	AC:sdu#:--:p---	B-adj.all	
18-19	sprog	sprog	NC:siun:--:----	B-noun.communication|B-noun.motive	
18-20	om	om	T-:----:--:----	O	
18-21	,	,	ZD	O	
18-22	at	at	CS:----:--:----	O	
18-23	vi	vi	PP:p-nc:--:-1n-	O	
18-24	også	også	D-:----:--:u---	O	
18-25	er	være	VF:----:sa:----	B-verb.TOP|B-verb.social|B-verb.stative	
18-26	et	en	PI:s-un:--:----	O	
18-27	sammenbragt	sammenbragt	AC:siun:--:p---	O	
18-28	miks	miks	NC:siun:--:----	B-noun.group|B-noun.food|B-noun.phenomenon	
18-29	af	af	T-:----:--:----	O	
18-30	mennesker	menneske	NC:piu#:--:----	B-noun.person	
18-31	.	.	ZP	O	

#id=19
#text=Detteindlæg blev udgivet den torsdag, 26. august 2010 kl. 20:55 og er gemt i At blogge, Vejr.Du kan følge alle svar til dette indlæg via RSS 2.0-feedet.
19-1	Dette	denne	PM:s-un:--:----	O	
19-2	indlæg	indlæg	NC:siun:--:----	B-noun.act|B-noun.artifact|B-noun.communication	
19-3	blev	blive	VF:----:ta:----	B-verb.TOP|B-verb.act|B-verb.stative	
19-4	udgivet	udgive	VT:siu#:t-:----	B-verb.communication	
19-5	den	den	PM:s-uc:--:----	O	
19-6	torsdag	torsdag	NC:siuc:--:----	B-noun.time	
19-7	,	,	ZD	O	
19-8	26	26	LC:--u-:--:----	O	
19-9	.	.	ZP	O	
19-10	august	august	NC:siuc:--:----	B-noun.time	
19-11	2010	2010	LC:--u-:--:----	O	
19-12	kl	kl	XS:----:--:----	O	
19-13	.	.	ZP	O	
19-14	20	20	LC:--u-:--:----	O	
19-15	:	:	ZP	O	
19-16	55	55	LC:--u-:--:----	O	
19-17	og	og	CC:----:--:----	O	
19-18	er	være	VF:----:sa:----	B-verb.TOP|B-verb.social|B-verb.stative	
19-19	gemt	gemme	VT:siu#:t-:----	B-verb.motion	
19-20	i	i	T-:----:--:----	O	
19-21	At	at	UI:----:--:----	O	
19-22	blogge	blogge	VI:----:-a:----	O	
19-23	,	,	ZD	O	
19-24	Vejr	vejr	NC:siun:--:----	B-noun.phenomenon	
19-25	.	.	ZP	O	
19-26	Du	du	PP:s-nc:--:-2n-	O	
19-27	kan	kunne	VF:----:sa:----	B-verb.social	
19-28	følge	følge	VI:----:-a:----	B-verb.motion	
19-29	alle	al	PI:p-u#:--:----	O	
19-30	svar	svar	NC:piu#:--:----	B-noun.communication|B-noun.act|B-noun.person|B-noun.cognition	
19-31	til	til	T-:----:--:----	O	
19-32	dette	denne	PM:s-un:--:----	O	
19-33	indlæg	indlæg	NC:siun:--:----	B-noun.act|B-noun.artifact|B-noun.communication	
19-34	via	via	T-:----:--:----	O	
19-35	RSS	rss	XS:----:--:----	O	
19-36	2	2	LC:--u-:--:----	O	
19-37	.	.	ZP	O	
19-38	0	0	LC:--u-:--:----	O	
19-39	-	-	ZH	O	
19-40	feedet	feed	NC:sdun:--:----	O	
19-41	.	.	ZP	O	

#id=20
#text=Detteindlæg blev udgivet den søndag,  21. februar 2010 kl. 20:03 og er gemt i Mad.Du kan følge alle svar til dette indlæg via RSS 2.0-feedet.
20-1	Dette	denne	PM:s-un:--:----	O	
20-2	indlæg	indlæg	NC:siun:--:----	B-noun.act|B-noun.artifact|B-noun.communication	
20-3	blev	blive	VF:----:ta:----	B-verb.TOP|B-verb.act|B-verb.stative	
20-4	udgivet	udgive	VT:siu#:t-:----	B-verb.communication	
20-5	den	den	PM:s-uc:--:----	O	
20-6	søndag	søndag	NC:siuc:--:----	B-noun.time	
20-7	,	,	ZD	O	
20-8	21	21	LC:--u-:--:----	O	
20-9	.	.	ZP	O	
20-10	februar	februar	NC:siuc:--:----	B-noun.time	
20-11	2010	2010	LC:--u-:--:----	O	
20-12	kl	kl	XS:----:--:----	O	
20-13	.	.	ZP	O	
20-14	20	20	LC:--u-:--:----	O	
20-15	:	:	ZP	O	
20-16	03	03	LC:--u-:--:----	O	
20-17	og	og	CC:----:--:----	O	
20-18	er	være	VF:----:sa:----	B-verb.TOP|B-verb.social|B-verb.stative	
20-19	gemt	gemme	VT:siu#:t-:----	B-verb.motion	
20-20	i	i	T-:----:--:----	O	
20-21	Mad	mad	NC:siuc:--:----	B-noun.food	
20-22	.	.	ZP	O	
20-23	Du	du	PP:s-nc:--:-2n-	O	
20-24	kan	kunne	VF:----:sa:----	B-verb.social	
20-25	følge	følge	VI:----:-a:----	B-verb.motion	
20-26	alle	al	PI:p-u#:--:----	O	
20-27	svar	svar	NC:piu#:--:----	B-noun.communication|B-noun.act|B-noun.person|B-noun.cognition	
20-28	til	til	T-:----:--:----	O	
20-29	dette	denne	PM:s-un:--:----	O	
20-30	indlæg	indlæg	NC:siun:--:----	B-noun.act|B-noun.artifact|B-noun.communication	
20-31	via	via	T-:----:--:----	O	
20-32	RSS	rss	XS:----:--:----	O	
20-33	2	2	LC:--u-:--:----	O	
20-34	.	.	ZP	O	
20-35	0	0	LC:--u-:--:----	O	
20-36	-	-	ZH	O	
20-37	feedet	feed	NC:sdun:--:----	O	
20-38	.	.	ZP	O	

#id=21
#text=Plastret, som lindrer smerten og ubehaget ved bi- og hvepsestik.
21-1	Plastret	Plastret	NC:sdun:--:----	B-noun.artifact	
21-2	,	,	ZD	O	
21-3	som	som	US:----:--:----	O	
21-4	lindrer	lindre	VF:----:sa:----	B-verb.social	
21-5	smerten	smerte	NC:sduc:--:----	B-noun.feeling	
21-6	og	og	CC:----:--:----	O	
21-7	ubehaget	ubehag	NC:sdun:--:----	B-noun.feeling	
21-8	ved	ved	XY:----:--:----	O	
21-9	bi	bi@	EW:----:--:----	O	
21-10	-	-	ZH	O	
21-11	og	og	CC:----:--:----	O	
21-12	hvepsestik	hvepsestik	NC:siun:--:----	O	
21-13	.	.	ZP	O	

#id=22
#text=Men jeg ved, at da vækkeuret bimlede klokken 6.30, var jeg laaaangt væk.
22-1	Men	men	CC:----:--:----	O	
22-2	jeg	jeg	PP:s-nc:--:-1n-	O	
22-3	ved	vide	VF:----:sa:----	B-verb.cognition|B-verb.emotion	
22-4	,	,	ZD	O	
22-5	at	at	CS:----:--:----	O	
22-6	da	da	CS:----:--:----	O	
22-7	vækkeuret	vækkeur	NC:sdun:--:----	B-noun.artifact	
22-8	bimlede	bimle	VF:----:ta:----	O	
22-9	klokken	klokke	NC:sduc:--:----	B-noun.object|B-noun.plant|B-noun.artifact|B-noun.quantity	
22-10	6	6	LC:--u-:--:----	O	
22-11	.	.	ZP	O	
22-12	30	30	LC:--u-:--:----	O	
22-13	,	,	ZD	O	
22-14	var	være	VF:----:ta:----	B-verb.TOP|B-verb.social|B-verb.stative	
22-15	jeg	jeg	PP:s-nc:--:-1n-	O	
22-16	laaaangt	laaaangt	T-:----:--:----	O	
22-17	væk	væk	D-:----:--:u---	O	
22-18	.	.	ZP	O	

#id=23
#text=altville se lettere ud, hvis man fjerner det lille, men langtfra undseelige stumme h fra det danske sprog.Det mener i hvert fald Dansk Sprognævn, som i forlængelse af sin anbefaling af, at det skal være tilladt at skrive såvel gymnasie med e i enden som gymnasium med ium, nu også anbefaler, at det skal være tilladt at skrive vad, vem, vor, vorfor, jælp, jerne og jul.
23-1	alt	alt	D-:----:--:u---	O	
23-2	ville	ville	VF:----:ta:----	B-verb.cognition	
23-3	se	se	VI:----:-a:----	B-verb.motion|B-verb.cognition|B-verb.act|B-verb.communication|B-verb.change|B-verb.social|B-verb.emotion|B-verb.phenomenon	
23-4	lettere	let	AD:----:--:c---	B-adj.phys|B-adj.all	
23-5	ud	ud	D-:----:--:u---	O	
23-6	,	,	ZD	O	
23-7	hvis	hvis	CS:----:--:----	O	
23-8	man	man	PI:#-uc:--:----	O	
23-9	fjerner	fjerne	VF:----:sa:----	B-verb.motion	
23-10	det	den	PM:s-un:--:----	O	
23-11	lille	lille	AC:s§u§:--:p---	B-adj.phys	
23-12	,	,	ZD	O	
23-13	men	men	CC:----:--:----	O	
23-14	langtfra	langtfra	D-:----:--:u---	O	
23-15	undseelige	undseelig	AC:sdu#:--:p---	O	
23-16	stumme	stum	AC:sdu#:--:p---	B-adj.mental|B-adj.all	
23-17	h	H	NC:siun:--:----	B-noun.communication|B-noun.phenomenon	
23-18	fra	fra	T-:----:--:----	O	
23-19	det	den	PM:s-un:--:----	O	
23-20	danske	dansk	AC:sdu#:--:p---	B-adj.social|B-adj.phys	
23-21	sprog	sprog	NC:siun:--:----	B-noun.communication|B-noun.motive	
23-22	.	.	ZP	O	
23-23	Det	det	PP:s-un:--:-3n-	O	
23-24	mener	mene	VF:----:sa:----	B-verb.cognition|B-verb.communication	
23-25	i	i	T-:----:--:----	O	
23-26	hvert	hver	PI:s-un:--:----	O	
23-27	fald	fald	NC:siun:--:----	B-noun.communication|B-noun.act|B-noun.artifact|B-noun.cognition|B-noun.location	
23-28	Dansk	dansk	AC:siu§:--:p---	B-adj.social|B-adj.phys	
23-29	Sprognævn	sprognævn	NC:siun:--:----	B-noun.person	
23-30	,	,	ZD	O	
23-31	som	som	US:----:--:----	O	
23-32	i	i	T-:----:--:----	O	
23-33	forlængelse	forlængelse	NC:siuc:--:----	B-noun.artifact	
23-34	af	af	T-:----:--:----	O	
23-35	sin	sin	PO:s--c:--:-3ys	O	
23-36	anbefaling	anbefaling	NC:siuc:--:----	B-noun.act|B-noun.communication	
23-37	af	af	T-:----:--:----	O	
23-38	,	,	ZD	O	
23-39	at	at	CS:----:--:----	O	
23-40	det	det	PP:s-un:--:-3n-	O	
23-41	skal	skulle	VF:----:sa:----	B-verb.motion|B-verb.phenomenon	
23-42	være	være	a:----	B-verb.TOP|B-verb.social|B-verb.stative	
23-43	tilladt	tillade	VT:siu#:t-:----	B-verb.communication	
23-44	at	at	UI:----:--:----	O	
23-45	skrive	skrive	VI:----:-a:----	B-verb.creation|B-verb.communication	
23-46	såvel	såvel	CC:----:--:----	O	
23-47	gymnasie	gymnasie	NC:siun:--:----	B-noun.institution|B-noun.building	
23-48	med	med	T-:----:--:----	O	
23-49	e	e	T-:----:--:----	O	
23-50	i	i	T-:----:--:----	O	
23-51	enden	ende	NC:sduc:--:----	B-noun.object|B-noun.location|B-noun.body|B-noun.act	
23-52	som	som	US:----:--:----	O	
23-53	gymnasium	gymnasium	NC:siun:--:----	B-noun.institution|B-noun.building	
23-54	med	med	T-:----:--:----	O	
23-55	ium	iumeter	NC:piu#:--:----	O	
23-56	,	,	ZD	O	
23-57	nu	nu	D-:----:--:u---	O	
23-58	også	også	D-:----:--:u---	O	
23-59	anbefaler	anbefale	VF:----:sa:----	O	
23-60	,	,	ZD	O	
23-61	at	at	CS:----:--:----	O	
23-62	det	det	PP:s-un:--:-3n-	O	
23-63	skal	skulle	VF:----:sa:----	B-verb.motion|B-verb.phenomenon	
23-64	være	være	VI:----:-a:----	B-verb.TOP|B-verb.social|B-verb.stative	
23-65	tilladt	tillade	VT:siu#:t-:----	B-verb.communication	
23-66	at	at	UI:----:--:----	O	
23-67	skrive	skrive	VI:----:-a:----	B-verb.creation|B-verb.communication	
23-68	vad	vad	NC:siun:--:----	B-noun.location	
23-69	,	,	ZD	O	
23-70	vem	vEM	NP:siu#:--:----	O	
23-71	,	,	ZD	O	
23-72	vor	vor	XY:----:--:----	O	
23-73	,	,	ZD	O	
23-74	vorfor	vorfor	T-:----:--:----	O	
23-75	,	,	ZD	O	
23-76	jælp	jælp	NC:siuc:--:----	O	
23-77	,	,	ZD	O	
23-78	jerne	jerne	VI:----:-a:----	B-verb.motion	
23-79	og	og	CC:----:--:----	O	
23-80	jul	jul	NC:siuc:--:----	B-noun.time	
23-81	.	.	ZP	O	

#id=24
#text=Detteindlæg blev udgivet den søndag, 12. december 2010 kl. 13:29 og er gemt i Familie, Rodekassen.Du kan følge alle svar til dette indlæg via RSS 2.0-feedet.
24-1	Dette	denne	PM:s-un:--:----	O	
24-2	indlæg	indlæg	NC:siun:--:----	B-noun.act|B-noun.artifact|B-noun.communication	
24-3	blev	blive	VF:----:ta:----	B-verb.TOP|B-verb.act|B-verb.stative	
24-4	udgivet	udgive	VT:siu#:t-:----	B-verb.communication	
24-5	den	den	PM:s-uc:--:----	O	
24-6	søndag	søndag	NC:siuc:--:----	B-noun.time	
24-7	,	,	ZD	O	
24-8	12	12	LC:--u-:--:----	O	
24-9	.	.	ZP	O	
24-10	december	december	NC:siuc:--:----	B-noun.time	
24-11	2010	2010	LC:--u-:--:----	O	
24-12	kl	kl	XS:----:--:----	O	
24-13	.	.	ZP	O	
24-14	13	13	LC:--u-:--:----	O	
24-15	:	:	ZP	O	
24-16	29	29	LC:--u-:--:----	O	
24-17	og	og	CC:----:--:----	O	
24-18	er	være	VF:----:sa:----	B-verb.TOP|B-verb.social|B-verb.stative	
24-19	gemt	gemme	VT:siu#:t-:----	B-verb.motion	
24-20	i	i	T-:----:--:----	O	
24-21	Familie	familie	NC:siuc:--:----	B-noun.group|B-noun.person	
24-22	,	,	ZD	O	
24-23	Rodekassen	rodekasse	NC:sduc:--:----	B-noun.container	
24-24	.	.	ZP	O	
24-25	Du	du	PP:s-nc:--:-2n-	O	
24-26	kan	kunne	VF:----:sa:----	B-verb.social	
24-27	følge	følge	VI:----:-a:----	B-verb.motion	
24-28	alle	al	PI:p-u#:--:----	O	
24-29	svar	svar	NC:piu#:--:----	B-noun.communication|B-noun.person|B-noun.act|B-noun.cognition	
24-30	til	til	T-:----:--:----	O	
24-31	dette	denne	PM:s-un:--:----	O	
24-32	indlæg	indlæg	NC:siun:--:----	B-noun.act|B-noun.artifact|B-noun.communication	
24-33	via	via	T-:----:--:----	O	
24-34	RSS	rss	XS:----:--:----	O	
24-35	2	2	LC:--u-:--:----	O	
24-36	.	.	ZP	O	
24-37	0	0	LC:--u-:--:----	O	
24-38	-	-	ZH	O	
24-39	feedet	feed	NC:sdun:--:----	O	
24-40	.	.	ZP	O	

#id=25
#text=Faktiskholder jeg så meget af syrener, at jeg, da ægteskabssammenbruddet skilte mig fra den gamle villahave, gravede nogle skud op og lod dem flytte ind i mit singleliv.
25-1	Faktisk	faktisk	AD:----:--:p---	B-adj.phys	
25-2	holder	holde	VF:----:sa:----	B-verb.motion|B-verb.act|B-verb.communication|B-verb.social|B-verb.cognition|B-verb.phenomenon	
25-3	jeg	jeg	PP:s-nc:--:-1n-	O	
25-4	så	så	D-:----:--:u---	O	
25-5	meget	megen	AD:----:--:p---	O	
25-6	af	af	T-:----:--:----	O	
25-7	syrener	syren	NC:piu#:--:----	B-noun.plant	
25-8	,	,	ZD	O	
25-9	at	at	CS:----:--:----	O	
25-10	jeg	jeg	PP:s-nc:--:-1n-	O	
25-11	,	,	ZD	O	
25-12	da	da	CS:----:--:----	O	
25-13	ægteskabssammenbruddet	ægteskabssammenbrud	NC:sdun:--:----	O	
25-14	skilte	skilte	XY:----:--:----	O	
25-15	mig	mig	NC:siun:--:----	O	
25-16	fra	fra	T-:----:--:----	O	
25-17	den	den	PM:s-uc:--:----	O	
25-18	gamle	gammel	AC:sdu#:--:p---	B-adj.time	
25-19	villahave	villahave	NC:siuc:--:----	B-noun.location	
25-20	,	,	ZD	O	
25-21	gravede	grave	VF:----:ta:----	B-verb.motion|B-verb.act|B-verb.cognition	
25-22	nogle	nogen	PI:p-u#:--:----	O	
25-23	skud	skud	NC:piu#:--:----	B-noun.act|B-noun.container|B-noun.quantity|B-noun.artifact|B-noun.plant	
25-24	op	op	D-:----:--:u---	O	
25-25	og	og	CC:----:--:----	O	
25-26	lod	lade	VF:----:ta:----	B-verb.act|B-verb.emotion|B-verb.communication|B-verb.change	
25-27	dem	de	PP:p-u#:--:-3n-	O	
25-28	flytte	flytte	VI:----:-a:----	B-verb.motion	
25-29	ind	ind	D-:----:--:u---	O	
25-30	i	i	T-:----:--:----	O	
25-31	mit	min	PO:s--n:--:-1ns	O	
25-32	singleliv	singleliv	NC:siun:--:----	O	
25-33	.	.	ZP	O	

#id=26
#text=Og jeg er stolt over at se den selvstændige og målrettede datter, med smil på læben og glimt i øjet, som jeg har i dag!
26-1	Og	og	CC:----:--:----	O	
26-2	jeg	jeg	PP:s-nc:--:-1n-	O	
26-3	er	være	VF:----:sa:----	B-verb.TOP|B-verb.social|B-verb.stative	
26-4	stolt	stolt	AC:siu§:--:p---	B-adj.mental|B-adj.all	
26-5	over	over	T-:----:--:----	O	
26-6	at	at	UI:----:--:----	O	
26-7	se	se	VI:----:-a:----	B-verb.motion|B-verb.communication|B-verb.social|B-verb.cognition|B-verb.act|B-verb.emotion|B-verb.change|B-verb.phenomenon	
26-8	den	den	PM:s-uc:--:----	O	
26-9	selvstændige	selvstændig	AC:sdu#:--:p---	O	
26-10	og	og	CC:----:--:----	O	
26-11	målrettede	målrette	VP:p#u#:t-:----	O	
26-12	datter	datter	NC:siuc:--:----	B-noun.person	
26-13	,	,	ZD	O	
26-14	med	med	T-:----:--:----	O	
26-15	smil	smil	NC:siun:--:----	B-noun.act	
26-16	på	på	T-:----:--:----	O	
26-17	læben	læbe	NC:sduc:--:----	B-noun.body	
26-18	og	og	CC:----:--:----	O	
26-19	glimt	glimt	NC:siun:--:----	B-noun.time|B-noun.phenomenon	
26-20	i	i	T-:----:--:----	O	
26-21	øjet	øje	NC:sdun:--:----	B-noun.body|B-noun.phenomenon|B-noun.artifact	
26-22	,	,	ZD	O	
26-23	som	som	US:----:--:----	O	
26-24	jeg	jeg	PP:s-nc:--:-1n-	O	
26-25	har	have	VF:----:sa:----	B-verb.perception|B-verb.act|B-verb.communication|B-verb.phenomenon|B-verb.cognition|B-verb.TOP	
26-26	i	i	T-:----:--:----	O	
26-27	dag	dag	NC:siuc:--:----	B-noun.time	
26-28	!	!	ZP	O	

#id=27
#text=Voresforsikringsselskab hyrede et skadeservicefirma, som pakkede hele husets indhold sammen og sendte mindst halvdelen af vores indbo til opmagasinering (det var tankevækkende, så lidt vi savnede af det under genhusningen).
27-1	Vores	Vores	XY:----:--:----	O	
27-2	forsikringsselskab	forsikringsselskab	NC:siun:--:----	B-noun.institution|B-noun.building|B-noun.person	
27-3	hyrede	hyre	VF:----:ta:----	O	
27-4	et	en	PI:s-un:--:----	O	
27-5	skadeservicefirma	skadeservicefirma	NC:siun:--:----	O	
27-6	,	,	ZD	O	
27-7	som	som	US:----:--:----	O	
27-8	pakkede	pakke	VF:----:ta:----	B-verb.motion|B-verb.act	
27-9	hele	hele	VI:----:-a:----	B-verb.phenomenon	
27-10	husets	hus	NC:sdgn:--:----	B-noun.location|B-noun.building|B-noun.person	
27-11	indhold	indhold	NC:siun:--:----	B-noun.object|B-noun.cognition|B-noun.quantity	
27-12	sammen	sammen	D-:----:--:u---	O	
27-13	og	og	CC:----:--:----	O	
27-14	sendte	sende	VF:----:ta:----	B-verb.phenomenon|B-b.communication|B-verb.act	
27-15	mindst	liden	AD:----:--:s---	B-adj.phys	
27-16	halvdelen	halvdel	NC:sduc:--:----	B-noun.quantity	
27-17	af	af	T-:----:--:----	O	
27-18	vores	vores	PO:#--#:--:-1np	O	
27-19	indbo	indbo	NC:siun:--:----	B-noun.artifact	
27-20	til	til	T-:----:--:----	O	
27-21	opmagasinering	opmagasinering	NC:siuc:--:----	O	
27-22	(	(	ZD	O	
27-23	det	det	PP:s-un:--:-3n-	O	
27-24	var	være	VF:----:ta:----	B-verb.TOP|B-verb.social|B-verb.stative	
27-25	tankevækkende	tankevækkende	AC:§§u§:--:p---	O	
27-26	,	,	ZD	O	
27-27	så	så	D-:----:--:u---	O	
27-28	lidt	lidt	AD:----:--:p---	O	
27-29	vi	VI	LC:--u-:--:----	O	
27-30	savnede	savne	VP:p#u#:t-:----	B-verb.emotion	
27-31	af	af	T-:----:--:----	O	
27-32	det	det	PP:s-un:--:-3n-	O	
27-33	under	under	T-:----:--:----	O	
27-34	genhusningen	genhusning	NC:sduc:--:----	O	
27-35	)	)	ZD	O	
27-36	.	.	ZP	O	

#id=28
#text=Du kan skrive en kommentar, eller sende et trackback fra dit eget site.
28-1	Du	du	PP:s-nc:--:-2n-	O	
28-2	kan	kunne	VF:----:sa:----	B-verb.social	
28-3	skrive	skrive	VI:----:-a:----	B-verb.creation|B-verb.communication	
28-4	en	en	PI:s-uc:--:----	O	
28-5	kommentar	kommentar	NC:siuc:--:----	B-noun.act|B-noun.communication	
28-6	,	,	ZD	O	
28-7	eller	eller	CC:----:--:----	O	
28-8	sende	sende	VI:----:-a:----	B-verb.phenomenon|B-verb.communication|B-verb.act	
28-9	et	en	PI:s-un:--:----	O	
28-10	trackback	trackback	NC:siun:--:----	O	
28-11	fra	fra	T-:----:--:----	O	
28-12	dit	din	PO:s--n:--:-2ns	O	
28-13	eget	egen	AC:siun:--:p---	O	
28-14	site	site	NC:siu#:--:----	B-noun.communication	
28-15	.	.	ZP	O	

#id=29
#text=Og skred.
29-1	Og	og	CC:----:--:----	O	
29-2	skred	skred	NC:siun:--:----	B-noun.act|B-noun.substance|B-noun.phenomenon	
29-3	.	.	ZP	O	

#id=30
#text=Johan Olsen, Kanten, P1, radioklumme
30-1	Johan	Johan	NP:siu#:--:----	O	
30-2	Olsen	Olsen	NP:siu#:--:----	O	
30-3	,	,	ZD	O	
30-4	Kanten	kant	NC:sduc:--:----	B-noun.object|B-noun.artifact|B-noun.person|B-noun.location	
30-5	,	,	ZD	O	
30-6	P1	P1	NP:siu#:--:----	O	
30-7	,	,	ZD	O	
30-8	radioklumme	radioklumme	NC:siuc:--:----	O	

#id=31
#text=Tags:efterår, myg, myggeplage, myggestik
31-1	Tags	tag	NC:piu#:--:----	B-noun.act|B-noun.feeling|B-noun.artifact	
31-2	:	:	ZP	O	
31-3	efterår	efterår	NC:siun:--:----	B-noun.time	
31-4	,	,	ZD	O	
31-5	myg	myg	AC:siuc:--:p---	O	
31-6	,	,	ZD	O	
31-7	myggeplage	myggeplage	NC:siuc:--:----	O	
31-8	,	,	ZD	O	
31-9	myggestik	myggestik	NC:siun:--:----	O	

#id=32
#text=Enformiddag med søvn og sløvhed og tosom brunch.
32-1	En	en	PI:s-uc:--:----	O	
32-2	formiddag	formiddag	NC:siuc:--:----	B-noun.time	
32-3	med	med	T-:----:--:----	O	
32-4	søvn	søvn	NC:siuc:--:----	B-noun.state	
32-5	og	og	CC:----:--:----	O	
32-6	sløvhed	sløvhed	NC:siuc:--:----	O	
32-7	og	og	CC:----:--:----	O	
32-8	tosom	tosom	US:----:--:----	O	
32-9	brunch	brunch	NC:siuc:--:----	B-noun.food	
32-10	.	.	ZP	O	

#id=33
#text=Tags:
33-1	Tags	tag	NC:piu#:--:----	B-noun.act|B-noun.feeling|B-noun.artifact	
33-2	:	:	ZP	O	

#id=34
#text=Tags:efterår, Jægerspris, lørdag, rengøring, solskin, Vester Strand
34-1	Tags	tag	NC:piu#:--:----	B-noun.act|B-noun.feeling|B-noun.artifact	
34-2	:	:	ZP	O	
34-3	efterår	efterår	NC:siun:--:----	B-noun.time	
34-4	,	,	ZD	O	
34-5	Jægerspris	Jægerspris	NP:siu#:--:----	O	
34-6	,	,	ZD	O	
34-7	lørdag	lørdag	NC:siuc:--:----	B-noun.time	
34-8	,	,	ZD	O	
34-9	rengøring	rengøring	NC:siuc:--:----	B-noun.act	
34-10	,	,	ZD	O	
34-11	solskin	solskin	NC:siun:--:----	B-noun.phenomenon|B-noun.location	
34-12	,	,	ZD	O	
34-13	Vester	Vester	NP:siu#:--:----	O	
34-14	Strand	strand	NC:siuc:--:----	B-noun.location	

#id=35
#text=Menjo, jeg klukkede en del, da jeg scrollede mig gennem billederne.
35-1	Men	men	CC:----:--:----	O	
35-2	jo	jo	D-:----:--:u---	O	
35-3	,	,	ZD	O	
35-4	jeg	jeg	PP:s-nc:--:-1n-	O	
35-5	klukkede	klukke	VF:----:ta:----	B-verb.cognition|B-verb.creation	
35-6	en	en	PI:s-uc:--:----	O	
35-7	del	del	NC:siuc:--:----	B-noun.communication|B-noun.artifact|B-noun.object|B-noun.quantity|B-noun.TOP	
35-8	,	,	ZD	O	
35-9	da	da	CS:----:--:----	O	
35-10	jeg	jeg	PP:s-nc:--:-1n-	O	
35-11	scrollede	scrolle	VF:----:ta:----	O	
35-12	mig	jeg	PP:s-uc:--:-1#-	O	
35-13	gennem	gennem	T-:----:--:----	O	
35-14	billederne	billede	NC:pdu#:--:----	B-noun.object|B-noun.artifact|B-noun.cognition	
35-15	.	.	ZP	O	

#id=36
#text=Detteindlæg blev udgivet den tirsdag, 6. juli 2010 kl. 00:00 og er gemt i Mad, Min have.Du kan følge alle svar til  dette indlæg via RSS 2.0-feedet.
36-1	Dette	denne	PM:s-un:--:----	O	
36-2	indlæg	indlæg	NC:siun:--:----	B-noun.act|B-noun.artifact|B-noun.communication	
36-3	blev	blive	VF:----:ta:----	B-verb.TOP|B-verb.act|B-verb.stative	
36-4	udgivet	udgive	VT:siu#:t-:----	B-verb.communication	
36-5	den	den	PM:s-uc:--:----	O	
36-6	tirsdag	tirsdag	NC:siuc:--:----	B-noun.time	
36-7	,	,	ZD	O	
36-8	6	6	LC:--u-:--:----	O	
36-9	.	.	ZP	O	
36-10	juli	juli	NC:siuc:--:----	B-noun.time	
36-11	2010	2010	LC:--u-:--:----	O	
36-12	kl	kl	XS:----:--:----	O	
36-13	.	.	ZP	O	
36-14	00	00	LC:--u-:--:----	O	
36-15	:	:	ZP	O	
36-16	00	00	LC:--u-:--:----	O	
36-17	og	og	CC:----:--:----	O	
36-18	er	være	VF:----:sa:----	B-verb.TOP|B-verb.social|B-verb.stative	
36-19	gemt	gemme	VT:siu#:t-:----	B-verb.motion	
36-20	i	i	T-:----:--:----	O	
36-21	Mad	mad	NC:siuc:--:----	B-noun.food	
36-22	,	,	ZD	O	
36-23	Min	Min	XY:----:--:----	O	
36-24	have	have	VI:----:-a:----	B-verb.perception|B-verb.communication|B-verb.cognition|B-verb.act|B-verb.phenomenon|B-verb.TOP	
36-25	.	.	ZP	O	
36-26	Du	du	PP:s-nc:--:-2n-	O	
36-27	kan	kunne	VF:----:sa:----	B-verb.social	
36-28	følge	følge	VI:----:-a:----	B-verb.motion	
36-29	alle	al	PI:p-u#:--:----	O	
36-30	svar	svar	NC:piu#:--:----	B-noun.communication|B-noun.act|B-noun.person|B-noun.cognition	
36-31	til	til	T-:----:--:----	O	
36-32	dette	denne	PM:s-un:--:----	O	
36-33	indlæg	indlæg	NC:siun:--:----	B-noun.act|B-noun.artifact|B-noun.communication	
36-34	via	via	T-:----:--:----	O	
36-35	RSS	rss	XS:----:--:----	O	
36-36	2	2	LC:--u-:--:----	O	
36-37	.	.	ZP	O	
36-38	0	0	LC:--u-:--:----	O	
36-39	-	-	ZH	O	
36-40	feedet	feed	NC:sdun:--:----	O	
36-41	.	.	ZP	O	

#id=37
#text=Tags:foto, sommer, stokroser, weekend
37-1	Tags	tag	NC:piu#:--:----	B-noun.act|B-noun.feeling|B-noun.artifact	
37-2	:	:	ZP	O	
37-3	foto	foto	NC:siun:--:----	B-noun.act|B-noun.artifact	
37-4	,	,	ZD	O	
37-5	sommer	sommer	NC:siuc:--:----	B-noun.time	
37-6	,	,	ZD	O	
37-7	stokroser	stokrose	NC:piu#:--:----	B-noun.plant	
37-8	,	,	ZD	O	
37-9	weekend	weekend	NC:siuc:--:----	B-noun.time	

#id=38
#text=Hvader det lige, der sker for kvinder i Alt for damerne- og Femina-segmentet (sådan cirka, ud fra en helt uvidenskabelig og pseudosociologisk indplacering)?
38-1	Hvad	hvad	PR:s-u#:--:----	O	
38-2	er	være	VF:----:sa:----	B-verb.TOP|B-verb.social|B-verb.stative	
38-3	det	det	PP:s-un:--:-3n-	O	
38-4	lige	lige	D-:----:--:u---	O	
38-5	,	,	ZD	O	
38-6	der	der	US:----:--:----	O	
38-7	sker	ske	VF:----:sa:----	B-verb.phenomenon|B-verb.act	
38-8	for	for	T-:----:--:----	O	
38-9	kvinder	kvinde	NC:piu#:--:----	B-noun.person	
38-10	i	i	T-:----:--:----	O	
38-11	Alt	al	PI:s-un:--:----	O	
38-12	for	for	T-:----:--:----	O	
38-13	damerne	dame	NC:pdu#:--:----	B-noun.artifact|B-noun.person	
38-14	-	-	NC:piu#:--:----	O	
38-15	og	og	CC:----:--:----	O	
38-16	Femina	Femina	NP:siu#:--:----	O	
38-17	-	-	ZH	O	
38-18	segmentet	segment	NC:sdun:--:----	B-noun.object|B-noun.artifact|B-noun.communication	
38-19	(	(	ZD	O	
38-20	sådan	sådan	D-:----:--:u---	O	
38-21	cirka	cirka	D-:----:--:u---	O	
38-22	,	,	ZD	O	
38-23	ud	ud	D-:----:--:u---	O	
38-24	fra	fra	T-:----:--:----	O	
38-25	en	en	PI:s-uc:--:----	O	
38-26	helt	hel	AD:----:--:p---	B-adj.phys	
38-27	uvidenskabelig	uvidenskabelig	AC:siuc:--:p---	O	
38-28	og	og	CC:----:--:----	O	
38-29	pseudosociologisk	pseudosociologisk	AC:siuc:--:p---	O	
38-30	indplacering	indplacering	NC:siuc:--:----	O	
38-31	)	)	XY:----:--:----	O	
38-32	?	?	ZQ	O	

#id=39
#text=Nogle dage er hans sgu for irriterende til at blive elsket.
39-1	Nogle	nogen	PI:p-u#:--:----	O	
39-2	dage	dag	NC:piu#:--:----	B-noun.time	
39-3	er	være	VF:----:sa:----	B-verb.TOP|B-verb.social|B-verb.stative	
39-4	hans	hans	PO:#--#:--:-3ns	O	
39-5	sgu	sgu	D-:----:--:u---	O	
39-6	for	for	T-:----:--:----	O	
39-7	irriterende	irritere	VP:##u#:s-:----	B-verb.emotion	
39-8	til	til	T-:----:--:----	O	
39-9	at	at	UI:----:--:----	O	
39-10	blive	blive	VI:----:-a:----	B-verb.motion|B-verb.act|B-verb.change|B-verb.stative|B-verb.phenomenon|B-verb.TOP	
39-11	elsket	elske	VT:siu#:t-:----	B-verb.social|B-verb.emotion|B-verb.cognition	
39-12	.	.	ZP	O	

#id=40
#text=Måske fordi jeg selv har svært ved at sætte præcise ord på Hvordan går det?-spørgsmålet.
40-1	Måske	måske	D-:----:--:u---	O	
40-2	fordi	fordi	CS:----:--:----	O	
40-3	jeg	jeg	PP:s-nc:--:-1n-	O	
40-4	selv	selv	PM:#-u#:--:----	O	
40-5	har	have	VF:----:sa:----	B-verb.perception|B-verb.communication|B-verb.cognition|B-verb.act|B-verb.phenomenon|B-verb.TOP	
40-6	svært	svær	AD:----:--:p---	B-adj.all	
40-7	ved	ved	T-:----:--:----	O	
40-8	at	at	UI:----:--:----	O	
40-9	sætte	sætte	VI:----:-a:----	B-verb.motion|B-verb.communication|B-verb.cognition|B-verb.act|B-verb.change|B-verb.phenomenon	
40-10	præcise	præcis	AC:p#u#:--:p---	B-adj.all	
40-11	ord	ord	NC:piu#:--:----	B-noun.act|B-noun.communication	
40-12	på	på	T-:----:--:----	O	
40-13	Hvordan	hvordan	D-:----:--:u---	O	
40-14	går	gå	VF:----:sa:----	B-verb.change|B-verb.act|B-verb.motion|B-verb.stative	
40-15	det	det	PP:s-un:--:-3n-	O	
40-16	?	?	XY:----:--:----	O	
40-17	-	-	ZH	O	
40-18	spørgsmålet	spørgsmål	NC:sdun:--:----	B-noun.act|B-noun.cognition	
40-19	.	.	ZP	O	

#id=41
#text=Haen dejlig torsdag omend den ser lidt grå og fugtig ud .
41-1	Ha	Ha	XY:----:--:----	O	
41-2	en	en	PI:s-uc:--:----	O	
41-3	dejlig	dejlig	AC:siuc:--:p---	B-adj.phys|B-adj.all	
41-4	torsdag	torsdag	NC:siuc:--:----	B-noun.time	
41-5	omend	omend	CS:----:--:----	O	
41-6	den	den	PP:s-uc:--:-3n-	O	
41-7	ser	se	VF:----:sa:----	B-verb.change|B-verb.act|B-verb.emotion|B-verb.cognition|B-verb.phenomenon	
41-8	lidt	lidt	AD:----:--:p---	O	
41-9	grå	grå	AC:siuc:--:p---	B-adj.all	
41-10	og	og	CC:----:--:----	O	
41-11	fugtig	fugtig	AC:siuc:--:p---	B-adj.phys|B-adj.all	
41-12	ud	ud	D-:----:--:u---	O	
41-13	.	.	ZP	O	

#id=42
#text=Detteindlæg blev udgivet den mandag, 29. juni 2009 kl. 22:09 og er gemt i  Natur, Vejr, Ægteskab.Du kan følge alle svar til dette indlæg via RSS 2.0-feedet.
42-1	Dette	denne	PM:s-un:--:----	O	
42-2	indlæg	indlæg	NC:siun:--:----	B-noun.act|B-noun.artifact|B-noun.communication	
42-3	blev	blive	VF:----:ta:----	B-verb.TOP|B-verb.act|B-verb.stative	
42-4	udgivet	udgive	VT:siu#:t-:----	B-verb.communication	
42-5	den	den	PM:s-uc:--:----	O	
42-6	mandag	mandag	NC:siuc:--:----	B-noun.time	
42-7	,	,	ZD	O	
42-8	29	29	LC:--u-:--:----	O	
42-9	.	.	ZP	O	
42-10	juni	juni	NC:siuc:--:----	B-noun.time	
42-11	2009	2009	LC:--u-:--:----	O	
42-12	kl	kl	XS:----:--:----	O	
42-13	.	.	ZP	O	
42-14	22	22	LC:--u-:--:----	O	
42-15	:	:	ZP	O	
42-16	09	09	LC:--u-:--:----	O	
42-17	og	og	CC:----:--:----	O	
42-18	er	være	VF:----:sa:----	B-verb.TOP|B-verb.social|B-verb.stative	
42-19	gemt	gemme	VT:siu#:t-:----	B-verb.motion	
42-20	i	i	T-:----:--:----	O	
42-21	Natur	natur	NC:siuc:--:----	B-noun.location|B-noun.phenomenon|B-noun.attribute|B-noun.artifact|B-noun.feeling|B-noun.object	
42-22	,	,	ZD	O	
42-23	Vejr	vejr	NC:piu#:--:----	B-noun.phenomenon	
42-24	,	,	ZD	O	
42-25	Ægteskab	ægteskab	NC:siun:--:----	B-noun.institution	
42-26	.	.	ZP	O	
42-27	Du	du	PP:s-nc:--:-2n-	O	
42-28	kan	kunne	VF:----:sa:----	B-verb.social	
42-29	følge	følge	VI:----:-a:----	B-verb.motion	
42-30	alle	al	PI:p-u#:--:----	O	
42-31	svar	svar	NC:piu#:--:----	B-noun.communication|B-noun.act|B-noun.person|B-noun.cognition	
42-32	til	til	T-:----:--:----	O	
42-33	dette	denne	PM:s-un:--:----	O	
42-34	indlæg	indlæg	NC:siun:--:----	B-noun.act|B-noun.artifact|B-noun.communication	
42-35	via	via	T-:----:--:----	O	
42-36	RSS	rss	XS:----:--:----	O	
42-37	2	2	LC:--u-:--:----	O	
42-38	.	.	ZP	O	
42-39	0	0	LC:--u-:--:----	O	
42-40	-	-	ZH	O	
42-41	feedet	feed	NC:sdun:--:----	O	
42-42	.	.	ZP	O	

#id=43
#text=Deter nu en ret uovertruffen udsigt at ha .
43-1	Det	det	PP:s-un:--:-3n-	O	
43-2	er	være	VF:----:sa:----	B-verb.TOP|B-verb.social|B-verb.stative	
43-3	nu	nu	D-:----:--:u---	O	
43-4	en	en	PI:s-uc:--:----	O	
43-5	ret	ret	NC:siuc:--:----	B-noun.food|B-noun.person|B-noun.artifact|B-noun.cognition|B-noun.institution	
43-6	uovertruffen	uovertruffen	AC:siuc:--:p---	B-adj.all	
43-7	udsigt	udsigt	NC:siuc:--:----	B-noun.feeling|B-noun.phenomenon	
43-8	at	at	UI:----:--:----	O	
43-9	ha	have	VI:----:-a:----	O	
43-10	.	.	ZP	O	

#id=44
#text=Fødevarekontrollenrykkede ud til de butikker, hvor Kontant havde fundet genbrugs-kød, og de fandt overtrædelser af datomærkningsreglerne i syv ud af de ti butikker.
44-1	Fødevarekontrollen	Fødevarekontrollen	NP:siu#:--:----	O	
44-2	rykkede	rykke	VF:----:ta:----	B-verb.change|B-verb.communication|B-verb.act|B-verb.motion	
44-3	ud	ud	D-:----:--:u---	O	
44-4	til	til	T-:----:--:----	O	
44-5	de	den	PM:p-u#:--:----	O	
44-6	butikker	butik	NC:piu#:--:----	B-noun.artifact|B-noun.building|B-noun.phenomenon	
44-7	,	,	ZD	O	
44-8	hvor	hvor	D-:----:--:u---	O	
44-9	Kontant	kontant	AD:----:--:p---	B-adj.all	
44-10	havde	have	VF:----:ta:----	B-verb.perception|B-verb.cognition|B-verb.act|B-verb.communication|B-verb.phenomenon|B-verb.TOP	
44-11	fundet	finde	VT:siu#:t-:----	B-verb.motion|B-verb.act|B-verb.cognition|B-verb.phenomenon	
44-12	genbrugs	genbrug	NP:siu#:--:----	B-noun.act	
44-13	-	-	ZH	O	
44-14	kød	kød	NC:siun:--:----	B-noun.object|B-noun.food|B-noun.plant|B-noun.person|B-noun.body	
44-15	,	,	ZD	O	
44-16	og	og	CC:----:--:----	O	
44-17	de	de	PP:p-n#:--:-3n-	O	
44-18	fandt	finde	VF:----:ta:----	B-verb.phenomenon|B-verb.act|B-verb.cognition|B-verb.motion	
44-19	overtrædelser	overtrædelse	NC:piu#:--:----	B-noun.act	
44-20	af	af	T-:----:--:----	O	
44-21	datomærkningsreglerne	datomærkningsregel	NC:pdu#:--:----	O	
44-22	i	i	T-:----:--:----	O	
44-23	syv	syv	LC:--u-:--:----	O	
44-24	ud	ud	D-:----:--:u---	O	
44-25	af	af	T-:----:--:----	O	
44-26	de	den	PM:p-u#:--:----	O	
44-27	ti	ti	LC:--u-:--:----	O	
44-28	butikker	butik	NC:piu#:--:----	B-noun.artifact|B-noun.building|B-noun.phenomenon	
44-29	.	.	ZP	O	

#id=45
#text=Detteindlæg blev udgivet den fredag, 12. juni 2009 kl. 13:06 og er gemt i Helbred, Katte.Du kan følge alle svar til dette indlæg via RSS 2.0-feedet.
45-1	Dette	denne	PM:s-un:--:----	O	
45-2	indlæg	indlæg	NC:siun:--:----	B-noun.act|B-noun.artifact|B-noun.communication	
45-3	blev	blive	VF:----:ta:----	B-verb.TOP|B-verb.act|B-verb.stative	
45-4	udgivet	udgive	VT:siu#:t-:----	B-verb.communication	
45-5	den	den	PM:s-uc:--:----	O	
45-6	fredag	fredag	NC:siuc:--:----	B-noun.time	
45-7	,	,	ZD	O	
45-8	12	12	LC:--u-:--:----	O	
45-9	.	.	ZP	O	
45-10	juni	juni	NC:siuc:--:----	B-noun.time	
45-11	2009	2009	LC:--u-:--:----	O	
45-12	kl	kl	XS:----:--:----	O	
45-13	.	.	ZP	O	
45-14	13	13	LC:--u-:--:----	O	
45-15	:	:	ZP	O	
45-16	06	06	LC:--u-:--:----	O	
45-17	og	og	CC:----:--:----	O	
45-18	er	være	VF:----:sa:----	B-verb.TOP|B-verb.social|B-verb.stative	
45-19	gemt	gemme	VT:siu#:t-:----	B-verb.motion	
45-20	i	i	----	O	
45-21	Helbred	helbred	NC:siun:--:----	O	
45-22	,	,	ZD	O	
45-23	Katte	kat	NC:piu#:--:----	B-noun.animal|B-noun.communication	
45-24	.	.	ZP	O	
45-25	Du	du	PP:s-nc:--:-2n-	O	
45-26	kan	kunne	VF:----:sa:----	B-verb.social	
45-27	følge	følge	VI:----:-a:----	B-verb.motion	
45-28	alle	al	PI:p-u#:--:----	O	
45-29	svar	svar	NC:piu#:--:----	B-noun.communication|B-noun.act|B-noun.person|B-noun.cognition	
45-30	til	til	T-:----:--:----	O	
45-31	dette	denne	PM:s-un:--:----	O	
45-32	indlæg	indlæg	NC:siun:--:----	B-noun.act|B-noun.artifact|B-noun.communication	
45-33	via	via	T-:----:--:----	O	
45-34	RSS	rss	XS:----:--:----	O	
45-35	2	2	LC:--u-:--:----	O	
45-36	.	.	ZP	O	
45-37	0	0	LC:--u-:--:----	O	
45-38	-	-	ZH	O	
45-39	feedet	feed	NC:sdun:--:----	O	
45-40	.	.	ZP	O	

#id=46
#text=Vil du have billedet i høj opløsning, skal du betale for det.
46-1	Vil	ville	VF:----:sa:----	B-verb.cognition	
46-2	du	du	PP:s-nc:--:-2n-	O	
46-3	have	have	VI:----:-a:----	B-verb.perception|B-verb.cognition|B-verb.act|B-verb.communication|B-verb.phenomenon|B-verb.TOP	
46-4	billedet	billede	---	B-noun.object|B-noun.artifact|B-noun.cognition	
46-5	i	i	T-:----:--:----	O	
46-6	høj	høj	AC:siuc:--:p---	B-adj.phys|B-adj.all	
46-7	opløsning	opløsning	NC:siuc:--:----	B-noun.act|B-noun.substance	
46-8	,	,	ZD	O	
46-9	skal	skulle	VF:----:sa:----	B-verb.motion|B-verb.phenomenon	
46-10	du	du	PP:s-nc:--:-2n-	O	
46-11	betale	betale	VI:----:-a:----	B-verb.possession	
46-12	for	for	T-:----:--:----	O	
46-13	det	det	PP:s-un:--:-3n-	O	
46-14	.	.	ZP	O	

#id=47
#text=Densidste film skal færdiggøres og finpudses og på fredag er der eksamen.
47-1	Den	den	PM:s-uc:--:----	O	
47-2	sidste	sidste	AC:§§u§:--:p---	B-adj.time	
47-3	film	film	NC:siuc:--:----	B-noun.object|B-noun.container|B-noun.artifact	
47-4	skal	skulle	VF:----:sa:----	B-verb.motion|B-verb.phenomenon	
47-5	færdiggøres	færdiggøre	VI:----:-p:----	B-verb.change	
47-6	og	og	CC:----:--:----	O	
47-7	finpudses	finpudse	VF:----:sp:----	O	
47-8	og	og	CC:----:--:----	O	
47-9	på	på	T-:----:--:----	O	
47-10	fredag	fredag	NC:siuc:--:----	B-noun.time	
47-11	er	være	VF:----:sa:----	B-verb.TOP|B-verb.social|B-verb.stative	
47-12	der	der	US:----:--:----	O	
47-13	eksamen	eksamen	NC:siuc:--:----	B-noun.act	
47-14	.	.	ZP	O	

#id=48
#text=Du kan skrive en kommentar, eller sende et trackback fra dit eget site.
48-1	Du	du	PP:s-nc:--:-2n-	O	
48-2	kan	kunne	VF:----:sa:----	B-verb.social	
48-3	skrive	skrive	VI:----:-a:----	B-verb.creation|B-verb.communication	
48-4	en	en	PI:s-uc:--:----	O	
48-5	kommentar	kommentar	NC:siuc:--:----	B-noun.act|B-noun.communication	
48-6	,	,	ZD	O	
48-7	eller	eller	CC:----:--:----	O	
48-8	sende	sende	VI:----:-a:----	B-verb.phenomenon|B-verb.communication|B-verb.act	
48-9	et	en	PI:s-un:--:----	O	
48-10	trackback	trackback	NC:siun:--:----	O	
48-11	fra	fra	T-:----:--:----	O	
48-12	dit	din	PO:s--n:--:-2ns	O	
48-13	eget	egen	AC:siun:--:p---	O	
48-14	site	site	NC:siu#:--:----	B-noun.communication	
48-15	.	.	ZP	O	

#id=49
#text=Til mandens glæde var der (som sædvanligt) ikke dild i huset.
49-1	Til	til	T-:----:--:----	O	
49-2	mandens	mand	NC:sdgc:--:----	B-noun.object|B-noun.person	
49-3	glæde	glæde	NC:siuc:--:----	B-noun.cognition|B-noun.feeling|B-noun.attribute	
49-4	var	være	VF:----:ta:----	B-verb.TOP|B-verb.social|B-verb.stative	
49-5	der	der	D-:----:--:u---	O	
49-6	(	(	ZD	O	
49-7	som	som	US:----:--:----	O	
49-8	sædvanligt	sædvanlig	AD:----:--:p---	O	
49-9	)	)	ZD	O	
49-10	ikke	ikke	D-:----:--:u---	O	
49-11	dild	dild	NC:piu#:--:----	B-noun.plant|B-noun.food	
49-12	i	i	T-:----:--:----	O	
49-13	huset	hus	NC:sdun:--:----	B-noun.location|B-noun.building|B-noun.person	
49-14	.	.	ZP	O	

#id=50
#text=Enaf de helt store inden for creative writing (som jeg har udsat masser af kursister for), Peter Elbow, kommer  til København.
50-1	En	en	PI:s-uc:--:----	O	
50-2	af	af	T-:----:--:----	O	
50-3	de	den	PM:p-u#:--:----	O	
50-4	helt	hel	AD:----:--:p---	B-adj.phys	
50-5	store	stor	AC:p#u#:--:p---	B-adj.phys	
50-6	inden	inden	T-:----:--:----	O	
50-7	for	for	T-:----:--:----	O	
50-8	creative	creative	NC:siun:--:----	O	
50-9	writing	writing	NC:piu#:--:----	O	
50-10	(	(	ZD	O	
50-11	som	som	US:----:--:----	O	
50-12	jeg	jeg	PP:s-nc:--:-1n-	O	
50-13	har	have	VF:----:sa:----	B-verb.perception|B-verb.cognition|B-verb.act|B-verb.communication|B-verb.phenomenon|B-verb.TOP	
50-14	udsat	udsætte	VT:siu#:t-:----	B-verb.change|B-munication|B-verb.phenomenon|B-verb.motion	
50-15	masser	masse	NC:piu#:--:----	B-noun.quantity|B-noun.substance	
50-16	af	af	T-:----:--:----	O	
50-17	kursister	kursist	NC:piu#:--:----	B-noun.person	
50-18	for	for	T-:----:--:----	O	
50-19	)	)	ZD	O	
50-20	,	,	ZD	O	
50-21	Peter	Peter	NP:siu#:--:----	O	
50-22	Elbow	Elbow	NP:siu#:--:----	O	
50-23	,	,	ZD	O	
50-24	kommer	komme	VF:----:sa:----	B-verb.social|B-verb.act|B-verb.communication|B-verb.motion	
50-25	til	til	T-:----:--:----	O	
50-26	København	København	NP:siu#:--:----	O	
50-27	.	.	ZP	O	

#id=51
#text=Detteindlæg blev udgivet den lørdag, 6. juni 2009 kl. 11:09 og er gemt i Familie, Mad, Traditioner.Du kan følge alle svar til dette indlæg via RSS 2.0-feedet.
51-1	Dette	denne	PM:s-un:--:----	O	
51-2	indlæg	indlæg	NC:siun:--:----	B-noun.act|B-noun.artifact|B-noun.communication	
51-3	blev	blive	VF:----:ta:----	B-verb.TOP|B-verb.act|B-verb.stative	
51-4	udgivet	udgive	VT:siu#:t-:----	B-verb.communication	
51-5	den	den	PM:s-uc:--:----	O	
51-6	lørdag	lørdag	NC:siuc:--:----	B-noun.time	
51-7	,	,	ZD	O	
51-8	6	6	LC:--u-:--:----	O	
51-9	.	.	ZP	O	
51-10	juni	juni	NC:siuc:--:----	B-noun.time	
51-11	2009	2009	LC:--u-:--:----	O	
51-12	kl	kl	XS:----:--:----	O	
51-13	.	.	ZP	O	
51-14	11	11	LC:--u-:--:----	O	
51-15	:	:	ZP	O	
51-16	09	09	LC:--u-:--:----	O	
51-17	og	og	CC:----:--:----	O	
51-18	er	være	VF:----:sa:----	B-verb.TOP|B-verb.social|B-verb.stative	
51-19	gemt	gemme	VT:siu#:t-:----	B-verb.motion	
51-20	i	i	T-:----:--:----	O	
51-21	Familie	familie	NC:siuc:--:----	B-noun.group|B-noun.person	
51-22	,	,	ZD	O	
51-23	Mad	mad	NC:siuc:--:----	B-noun.food	
51-24	,	,	ZD	O	
51-25	Traditioner	tradition	NC:piu#:--:----	B-noun.domain|B-noun.motive|B-noun.cognition|B-noun.communication|B-noun.act	
51-26	.	.	ZP	O	
51-27	Du	du	PP:s-nc:--:-2n-	O	
51-28	kan	kunne	VF:----:sa:----	B-verb.social	
51-29	følge	følge	VI:----:-a:----	B-verb.motion	
51-30	alle	al	PI:p-u#:--:----	O	
51-31	svar	svar	NC:piu#:--:----	B-noun.communication|B-noun.person|B-noun.act|B-noun.cognition	
51-32	til	til	T-:----:--:----	O	
51-33	dette	denne	PM:s-un:--:----	O	
51-34	indlæg	indlæg	NC:siun:--:----	B-noun.act|B-noun.artifact|B-noun.communication	
51-35	via	via	T-:----:--:----	O	
51-36	RSS	rss	XS:----:--:----	O	
51-37	2	2	LC:--u-:--:----	O	
51-38	.	.	ZP	O	
51-39	0	0	LC:--u-:--:----	O	
51-40	-	-	ZH	O	
51-41	feedet	feed	NC:sdun:--:----	O	
51-42	.	.	ZP	O	

#id=52
#text=Hvorfor?
52-1	Hvorfor	hvorfor	D-:----:--:u---	O	
52-2	?	?	ZQ	O	

#id=53
#text=Tags:foto, gråvejr, lys, tøvejr
53-1	Tags	tag	NC:piu#:--:----	B-noun.act|B-noun.feeling|B-noun.artifact	
53-2	:	:	ZP	O	
53-3	foto	foto	NC:siun:--:----	B-noun.act|B-noun.artifact	
53-4	,	,	ZD	O	
53-5	gråvejr	gråvejr	NC:siun:--:----	B-noun.phenomenon	
53-6	,	,	ZD	O	
53-7	lys	lys	NC:siun:--:----	B-noun.feeling|B-noun.phenomenon|B-noun.person|B-noun.artifact|B-noun.location	
53-8	,	,	ZD	O	
53-9	tøvejr	tøvejr	NC:siun:--:----	B-noun.phenomenon	

#id=54
#text=Og ind i væksthusene, både Palmehuset og det med truede plantearter og det med kaktus og sukkulenter.
54-1	Og	og	CC:----:--:----	O	
54-2	ind	ind	D-:----:--:u---	O	
54-3	i	i	T-:----:--:----	O	
54-4	væksthusene	væksthus	NC:pdu#:--:----	B-noun.location|B-noun.building	
54-5	,	,	ZD	O	
54-6	både	både	D-:----:--:u---	O	
54-7	Palmehuset	Palmehuset	NP:siu#:--:----	O	
54-8	og	og	CC:----:--:----	O	
54-9	det	det	PP:s-un:--:-3n-	O	
54-10	med	med	T-:----:--:----	O	
54-11	truede	truet	AC:p#u#:--:p---	O	
54-12	plantearter	planteart	NC:piu#:--:----	B-noun.plant	
54-13	og	og	CC:----:--:----	O	
54-14	det	det	PP:s-un:--:-3n-	O	
54-15	med	med	T-:----:--:----	O	
54-16	kaktus	kaktus	NC:piu#:--:----	B-noun.plant	
54-17	og	og	CC:----:--:----	O	
54-18	sukkulenter	sukkulent	NC:piu#:--:----	B-noun.plant	
54-19	.	.	ZP	O	

#id=55
#text=Hvisjeg havde været i tvivl om behovet for et regeringsskifte (men det er jeg nu ikke!), da jeg startede på teksten, havde jeg garanteret ikke været det efter endt læsning og jeg er ikke engang socialdemokrat.
55-1	Hvis	hvis	CS:----:--:----	O	
55-2	jeg	jeg	PP:s-nc:--:-1n-	O	
55-3	havde	have	VF:----:ta:----	B-verb.perception|B-verb.act|B-verb.communication|B-verb.phenomenon|B-verb.cognition|B-verb.TOP	
55-4	været	være	VT:siu#:t-:----	B-verb.TOP|B-verb.social|B-verb.stative	
55-5	i	i	T-:----:--:----	O	
55-6	tvivl	tvivl	NC:siuc:--:----	B-noun.cognition	
55-7	om	om	T-:----:--:----	O	
55-8	behovet	behov	NC:sdun:--:----	B-noun.attribute|B-noun.feeling	
55-9	for	for	T-:----:--:----	O	
55-10	et	en	PI:s-un:--:----	O	
55-11	regeringsskifte	regeringsskifte	NC:siun:--:----	O	
55-12	(	(	ZD	O	
55-13	men	men	CC:----:--:----	O	
55-14	det	det	PP:s-un:--:-3n-	O	
55-15	er	være	VF:----:sa:----	B-verb.TOP|B-verb.social|B-verb.stative	
55-16	jeg	jeg	:s-nc:--:-1n-	O	
55-17	nu	nu	D-:----:--:u---	O	
55-18	ikke	ikke	D-:----:--:u---	O	
55-19	!	!	ZP	O	
55-20	)	)	ZD	O	
55-21	,	,	ZD	O	
55-22	da	da	CS:----:--:----	O	
55-23	jeg	jeg	PP:s-nc:--:-1n-	O	
55-24	startede	starte	VF:----:ta:----	B-verb.change|B-verb.act	
55-25	på	på	T-:----:--:----	O	
55-26	teksten	tekst	NC:sduc:--:----	B-noun.communication	
55-27	,	,	ZD	O	
55-28	havde	have	VF:----:ta:----	B-verb.perception|B-verb.act|B-verb.communication|B-verb.phenomenon|B-verb.cognition|B-verb.TOP	
55-29	jeg	jeg	PP:s-nc:--:-1n-	O	
55-30	garanteret	garanteret	AD:----:--:p---	O	
55-31	ikke	ikke	D-:----:--:u---	O	
55-32	været	være	VT:siu#:t-:----	B-verb.TOP|B-verb.social|B-verb.stative	
55-33	det	det	PP:s-un:--:-3n-	O	
55-34	efter	efter	D-:----:--:u---	O	
55-35	endt	ende	VT:siu#:t-:----	B-verb.change|B-verb.phenomenon	
55-36	læsning	læsning	NC:siuc:--:----	B-noun.domain|B-noun.cognition	
55-37	og	og	CC:----:--:----	O	
55-38	jeg	jeg	PP:s-nc:--:-1n-	O	
55-39	er	være	VF:----:sa:----	B-verb.TOP|B-verb.social|B-verb.stative	
55-40	ikke	ikke	D-:----:--:u---	O	
55-41	engang	engang	D-:----:--:u---	O	
55-42	socialdemokrat	socialdemokrat	NC:siuc:--:----	B-noun.body	
55-43	.	.	ZP	O	

#id=56
#text=Og en nysgerrig kat, der var ved at skræmme livet af mig, da han lydløst sneg sig ind på mig.
56-1	Og	og	CC:----:--:----	O	
56-2	en	en	PI:s-uc:--:----	O	
56-3	nysgerrig	nysgerrig	AC:siuc:--:p---	B-adj.mental	
56-4	kat	kat	NC:siuc:--:----	B-noun.animal|B-noun.communication	
56-5	,	,	ZD	O	
56-6	der	der	US:----:--:----	O	
56-7	var	være	VF:----:ta:----	B-verb.TOP|B-verb.social|B-verb.stative	
56-8	ved	ved	T-:----:--:----	O	
56-9	at	at	UI:----:--:----	O	
56-10	skræmme	skræmme	VI:----:-a:----	B-verb.change	
56-11	livet	liv	NC:sdun:--:----	B-noun.object|B-noun.attribute|B-noun.phenomenon|B-noun.time|B-noun.body|B-noun.person|B-noun.feeling|B-noun.state|B-noun.event	
56-12	af	af	T-:----:--:----	O	
56-13	mig	jeg	PP:s-uc:--:-1#-	O	
56-14	,	,	ZD	O	
56-15	da	da	CS:----:--:----	O	
56-16	han	han	PP:s-nc:--:-3n-	O	
56-17	lydløst	lydløs	AD:----:--:p---	O	
56-18	sneg	snige	VF:----:ta:----	O	
56-19	sig	sig	PP:#-u#:--:-3y-	O	
56-20	ind	ind	D-:----:--:u---	O	
56-21	på	på	T-:----:--:----	O	
56-22	mig	jeg	PP:s-uc:--:-1#-	O	
56-23	.	.	ZP	O	

#id=57
#text=Men sushi behøver jo slet ikke at indeholde rå fisk.
57-1	Men	men	CC:----:--:----	O	
57-2	sushi	sushi	NC:siuc:--:----	B-noun.food	
57-3	behøver	behøve	VF:----:sa:----	B-verb.stative|B-verb.phenomenon	
57-4	jo	jo	D-:----:--:u---	O	
57-5	slet	slet	D-:----:--:u---	O	
57-6	ikke	ikke	D-:----:--:u---	O	
57-7	at	at	UI:----:--:----	O	
57-8	indeholde	indeholde	VI:----:-a:----	B-verb.stative	
57-9	rå	rå	AC:siuc:--:p---	B-adj.phys|B-adj.all	
57-10	fisk	fisk	NC:siuc:--:----	B-noun.animal|B-noun.food|B-noun.person|B-noun.communication	
57-11	.	.	ZP	O	

#id=58
#text=Helt ærlig.
58-1	Helt	hel	AD:----:--:p---	B-adj.phys	
58-2	ærlig	ærlig	AC:siuc:--:p---	B-adj.social|B-adj.mental	
58-3	.	.	ZP	O	

#id=59
#text=Solskinnetvar lokkende lækkert, og Fjordstien ligger lige rundt om hjørnet, så det lå lige for at hoppe på cyklen og cykle den smukke tur til Jyllinge (otte-ni kilometer).
59-1	Solskinnet	solskin	NC:sdun:--:----	B-noun.phenomenon|B-noun.location	
59-2	var	være	VF:----:ta:----	B-verb.TOP|B-verb.social|B-verb.stative	
59-3	lokkende	lokke	VP:##u#:s-:----	B-verb.communication	
59-4	lækkert	lækker	AC:siun:--:p---	B-adj.phys	
59-5	,	,	ZD	O	
59-6	og	og	CC:----:--:----	O	
59-7	Fjordstien	Fjordstien	NP:siu#:--:----	O	
59-8	ligger	ligge	VF:----:sa:----	B-verb.stative|B-verb.act|B-verb.motion	
59-9	lige	lige	D-:----:--:u---	O	
59-10	rundt	rundt	D-:----:--:u---	O	
59-11	om	om	T-:----:--:----	O	
59-12	hjørnet	hjørne	NC:sdun:--:----	B-noun.location|B-noun.act|B-noun.artifact|B-noun.cognition|B-noun.feeling|B-noun.state	
59-13	,	,	ZD	O	
59-14	så	så	CS:----:--:----	O	
59-15	det	det	PP:s-un:--:-3n-	O	
59-16	lå	ligge	VF:----:ta:----	B-verb.stative|B-verb.act|B-verb.motion	
59-17	lige	lige	D-:----:--:u---	O	
59-18	for	for	T-:----:--:----	O	
59-19	at	at	UI:----:--:----	O	
59-20	hoppe	hoppe	VI:----:-a:----	B-verb.motion|B-verb.act	
59-21	på	på	T-:----:--:----	O	
59-22	cyklen	cykel	NC:sduc:--:----	B-noun.time|B-noun.vehicle	
59-23	og	og	CC:----:--:----	O	
59-24	cykle	cykle	VI:----:-a:----	B-verb.motion	
59-25	den	den	PM:s-uc:--:----	O	
59-26	smukke	smuk	AC:sdu#:--:p---	B-adj.phys	
59-27	tur	tur	NC:siuc:--:----	B-noun.event|B-noun.attribute|B-noun.time|B-noun.act|B-noun.state	
59-28	til	til	T-:----:--:----	O	
59-29	Jyllinge	Jyllinge	NP:siu#:--:----	O	
59-30	(	(	ZD	O	
59-31	otte	otte	----	O	
59-32	-	-	ZH	O	
59-33	ni	ni	LC:--u-:--:----	O	
59-34	kilometer	kilometer	NC:piu#:--:----	B-noun.quantity	
59-35	)	)	ZD	O	
59-36	.	.	ZP	O	

#id=60
#text=Den er nemlig temmelig kedelig, men knap så iøjnefaldende .
60-1	Den	den	PP:s-uc:--:-3n-	O	
60-2	er	være	VF:----:sa:----	B-verb.TOP|B-verb.social|B-verb.stative	
60-3	nemlig	nemlig	D-:----:--:u---	O	
60-4	temmelig	temmelig	D-:----:--:u---	O	
60-5	kedelig	kedelig	AC:siuc:--:p---	B-adj.social|B-adj.mental|B-adj.all|B-adj.phys	
60-6	,	,	ZD	O	
60-7	men	men	CC:----:--:----	O	
60-8	knap	knap	D-:----:--:u---	O	
60-9	så	så	D-:----:--:u---	O	
60-10	iøjnefaldende	iøjnefaldende	AC:§§u§:--:p---	B-adj.phys	
60-11	.	.	ZP	O	

#id=61
#text=Hanstejler, gør han, manden i mit liv, og fnyser grimt, når jeg siger sådan.
61-1	Han	han	PP:s-nc:--:-3n-	O	
61-2	stejler	stejle	VF:----:sa:----	B-verb.act	
61-3	,	,	ZD	O	
61-4	gør	gø	VF:----:sa:----	B-verb.change|B-verb.communication|B-verb.phenomenon|B-verb.act|B-verb.creation	
61-5	han	han	PP:s-nc:--:-3n-	O	
61-6	,	,	ZD	O	
61-7	manden	mand	NC:sduc:--:----	B-noun.object|B-noun.person	
61-8	i	i	T-:----:--:----	O	
61-9	mit	min	PO:s--n:--:-1ns	O	
61-10	liv	liv	NC:siun:--:----	B-noun.object|B-noun.phenomenon|B-noun.time|B-noun.body|B-noun.person|B-noun.attribute|B-noun.feeling|B-noun.state|B-noun.event	
61-11	,	,	ZD	O	
61-12	og	og	CC:----:--:----	O	
61-13	fnyser	fnyse	VF:----:sa:----	B-verb.phenomenon|B-verb.communication	
61-14	grimt	grim	AC:siun:--:p---	O	
61-15	,	,	ZD	O	
61-16	når	når	CS:----:--:----	O	
61-17	jeg	jeg	PP:s-nc:--:-1n-	O	
61-18	siger	sige	VF:----:sa:----	B-verb.cognition|B-verb.communication|B-verb.phenomenon	
61-19	sådan	sådan	D-:----:--:u---	O	
61-20	.	.	ZP	O	

#id=62
#text=(P.S.
62-1	(	(	NP:siu#:--:----	O	
62-2	P	P	NP:siu#:--:----	B-noun.communication	
62-3	.	.	ZP	O	
62-4	S	s	XS:----:--:----	O	
62-5	.	.	ZP	O	

#id=63
#text= Men når Post Danmark nu er så flinke at tilbyde en gratis krimi, Skrig under vand , leveret i Døgnposten, så tager jeg gerne imod (skønt jeg læser meget få krimier).
63-1	Men	men	CC:----:--:----	O	
63-2	når	når	CS:----:--:----	O	
63-3	Post	Post	NP:siu#:--:----	B-noun.communication|B-noun.person|B-noun.artifact|B-noun.location|B-noun.institution|B-noun.motive	
63-4	Danmark	Danmark	NP:siu#:--:----	O	
63-5	nu	nu	D-:----:--:u---	O	
63-6	er	være	VF:----:sa:----	B-verb.TOP|B-verb.social|B-verb.stative	
63-7	så	så	D-:----:--:u---	O	
63-8	flinke	flink	AC:p#u#:--:p---	B-adj.all	
63-9	at	at	UI:----:--:----	O	
63-10	tilbyde	tilbyde	VI:----:-a:----	B-verb.social|B-verb.communication	
63-11	en	en	PI:s-uc:--:----	O	
63-12	gratis	gratis	AC:§§u§:--:p---	B-adj.all	
63-13	krimi	krimi	NC:siuc:--:----	B-noun.communication	
63-14	,	,	ZD	O	
63-15	Skrig	skrig	NC:siun:--:----	B-noun.phenomenon	
63-16	under	under	T-:----:--:----	O	
63-17	vand	vand	NC:siun:--:----	B-noun.location|B-noun.substance|B-noun.container|B-noun.artifact	
63-18	,	,	ZD	O	
63-19	leveret	levere	VT:siu#:t-:----	B-verb.change|B-verb.motion|B-verb.act|B-verb.possession	
63-20	i	i	T-:----:--:----	O	
63-21	Døgnposten	Døgnposten	NP:siu#:--:----	O	
63-22	,	,	ZD	O	
63-23	så	så	D-:----:--:u---	O	
63-24	tager	tage	VF:----:sa:----	B-verb.motion|B-verb.cognition|B-verb.act|B-verb.creation|B-verb.change|B-verb.social|B-verb.possession	
63-25	jeg	jeg	PP:s-nc:--:-1n-	O	
63-26	gerne	gerne	D-:----:--:u---	O	
63-27	imod	imod	T-:----:--:----	O	
63-28	(	(	ZD	O	
63-29	skønt	skønt	CS:----:--:----	O	
63-30	jeg	jeg	PP:s-nc:--:-1n-	O	
63-31	læser	læse	----	B-verb.cognition	
63-32	meget	megen	AD:----:--:p---	O	
63-33	få	få	AC:p#u#:--:p---	O	
63-34	krimier	krimi	NC:piu#:--:----	B-noun.communication	
63-35	)	)	ZD	O	
63-36	.	.	ZP	O	

#id=64
#text=Mange af jer kender jeg her fra blogland, fra jeres kommentarer og fra jeres egne blogs.
64-1	Mange	mangen	AC:p#u#:--:p---	O	
64-2	af	af	T-:----:--:----	O	
64-3	jer	jer	XY:----:--:----	O	
64-4	kender	kende	VF:----:sa:----	B-verb.cognition|B-verb.communication|B-verb.emotion	
64-5	jeg	jeg	PP:s-nc:--:-1n-	O	
64-6	her	her	D-:----:--:u---	O	
64-7	fra	fra	T-:----:--:----	O	
64-8	blogland	blogland	NC:siun:--:----	O	
64-9	,	,	ZD	O	
64-10	fra	fra	CS:----:--:----	O	
64-11	jeres	jeres	PO:#--#:--:-2np	O	
64-12	kommentarer	kommentar	NC:piu#:--:----	B-noun.act|B-noun.communication	
64-13	og	og	CC:----:--:----	O	
64-14	fra	fra	CS:----:--:----	O	
64-15	jeres	jeres	PO:#--#:--:-2np	O	
64-16	egne	egn	NC:piu#:--:----	B-noun.location	
64-17	blogs	blog	NC:piu#:--:----	O	
64-18	.	.	ZP	O	

#id=65
#text=Men jeg havde nu tænkt mig, at pausen først skulle træde i kraft om en dag eller halvanden.
65-1	Men	men	CC:----:--:----	O	
65-2	jeg	jeg	PP:s-nc:--:-1n-	O	
65-3	havde	have	VF:----:ta:----	B-verb.perception|B-verb.act|B-verb.communication|B-verb.phenomenon|B-verb.cognition|B-verb.TOP	
65-4	nu	nu	D-:----:--:u---	O	
65-5	tænkt	tænke	VT:siu#:t-:----	B-verb.cognition|B-verb.act	
65-6	mig	jeg	PP:s-uc:--:-1#-	O	
65-7	,	,	ZD	O	
65-8	at	at	CS:----:--:----	O	
65-9	pausen	pause	NC:sduc:--:----	B-noun.time	
65-10	først	først	D-:----:--:u---	O	
65-11	skulle	skulle	VF:----:ta:----	B-verb.phenomenon	
65-12	træde	træde	VI:----:-a:----	B-verb.motion|B-verb.communication|B-verb.act	
65-13	i	i	T-:----:--:----	O	
65-14	kraft	kraft	NC:siuc:--:----	B-noun.attribute|B-noun.phenomenon|B-noun.feeling	
65-15	om	om	T-:----:--:----	O	
65-16	en	en	PI:s-uc:--:----	O	
65-17	dag	dag	NC:siuc:--:----	B-noun.time	
65-18	eller	eller	CC:----:--:----	O	
65-19	halvanden	halvanden	AC:siuc:--:p---	O	
65-20	.	.	ZP	O	

#id=66
#text=Tags:
66-1	Tags	tag	NC:piu#:--:----	B-noun.act|B-noun.feeling|B-noun.artifact	
66-2	:	:	ZP	O	

#id=67
#text=Frosten bed i kinderne, mens øjnene svælgede i det stille, overdådige snelandskab, og kameraet kom på overarbejde.
67-1	Frosten	frost	NC:sduc:--:----	B-noun.phenomenon	
67-2	bed	bide	VF:----:ta:----	B-verb.act|B-verb.emotion|B-verb.communication|B-verb.creation	
67-3	i	i	T-:----:--:----	O	
67-4	kinderne	kind	NC:pdu#:--:----	B-noun.body	
67-5	,	,	ZD	O	
67-6	mens	mens	CS:----:--:----	O	
67-7	øjnene	øje	NC:pdu#:--:----	B-noun.body|B-noun.phenomenon|B-noun.artifact	
67-8	svælgede	svælge	VF:----:ta:----	B-verb.act	
67-9	i	i	T-:----:--:----	O	
67-10	det	den	PM:s-un:--:----	O	
67-11	stille	stille	AC:§§u§:--:p---	B-adj.all	
67-12	,	,	ZD	O	
67-13	overdådige	overdådig	AC:sdu#:--:p---	B-adj.all	
67-14	snelandskab	snelandskab	NC:siun:--:----	B-noun.artifact|B-noun.location	
67-15	,	,	ZD	O	
67-16	og	og	CC:----:--:----	O	
67-17	kameraet	kamera	NC:sdun:--:----	B-noun.artifact	
67-18	kom	komme	VF:----:ta:----	B-verb.social|B-verb.act|B-verb.communication|B-verb.motion	
67-19	på	på	T-:----:--:----	O	
67-20	overarbejde	overarbejde	NC:siun:--:----	B-noun.act	
67-21	.	.	ZP	O	

#id=68
#text=Deter jeg sikker på, at Møffe tænkte, da han for et øjeblik siden smuttede af sted på morgentur gennem de få ekstra par centimeter sne, der er faldet i Frederikssund.
68-1	Det	det	PP:s-un:--:-3n-	O	
68-2	er	være	VF:----:sa:----	B-verb.TOP|B-verb.social|B-ive	
68-3	jeg	jeg	PP:s-nc:--:-1n-	O	
68-4	sikker	sikker	AC:siuc:--:p---	B-adj.mental|B-adj.all	
68-5	på	på	T-:----:--:----	O	
68-6	,	,	ZD	O	
68-7	at	at	CS:----:--:----	O	
68-8	Møffe	Møffe	NP:siu#:--:----	O	
68-9	tænkte	tænke	VF:----:ta:----	B-verb.cognition|B-verb.act	
68-10	,	,	ZD	O	
68-11	da	da	CS:----:--:----	O	
68-12	han	han	PP:s-nc:--:-3n-	O	
68-13	for	for	T-:----:--:----	O	
68-14	et	en	PI:s-un:--:----	O	
68-15	øjeblik	øjeblik	NC:siun:--:----	B-noun.time	
68-16	siden	siden	D-:----:--:u---	O	
68-17	smuttede	smutte	VF:----:ta:----	B-verb.motion|B-verb.act	
68-18	af	af	T-:----:--:----	O	
68-19	sted	sted	NC:siun:--:----	B-noun.object|B-noun.location|B-noun.building|B-noun.cognition|B-noun.time	
68-20	på	på	T-:----:--:----	O	
68-21	morgentur	morgentur	NC:siuc:--:----	B-noun.act	
68-22	gennem	gennem	T-:----:--:----	O	
68-23	de	den	PM:p-u#:--:----	O	
68-24	få	få	AC:p#u#:--:p---	O	
68-25	ekstra	ekstra	AC:§§u§:--:p---	O	
68-26	par	par	NC:siun:--:----	B-noun.quantity|B-noun.TOP|B-noun.person|B-noun.group	
68-27	centimeter	centimeter	NC:piu#:--:----	B-noun.quantity	
68-28	sne	sne	VI:----:-a:----	B-verb.motion|B-verb.phenomenon	
68-29	,	,	ZD	O	
68-30	der	der	US:----:--:----	O	
68-31	er	være	VF:----:sa:----	B-verb.TOP|B-.social|B-verb.stative	
68-32	faldet	falde	VT:siu#:t-:----	B-verb.motion|B-verb.act|B-verb.phenomenon	
68-33	i	i	T-:----:--:----	O	
68-34	Frederikssund	Frederikssund	NP:siu#:--:----	O	
68-35	.	.	ZP	O	

#id=69
#text=Engangnår åbningshysteriet er overstået, skal jeg da forbi og kigge på.
69-1	Engang	engang	D-:----:--:u---	O	
69-2	når	når	CS:----:--:----	O	
69-3	åbningshysteriet	åbningshysteri	NC:sdun:--:----	O	
69-4	er	være	VF:----:sa:----	B-verb.TOP|B-verb.social|B-verb.stative	
69-5	overstået	overstå	VT:siu#:t-:----	O	
69-6	,	,	ZD	O	
69-7	skal	skulle	VF:----:sa:----	B-verb.motion|B-verb.phenomenon	
69-8	jeg	jeg	PP:s-nc:--:-1n-	O	
69-9	da	da	D-:----:--:u---	O	
69-10	forbi	forbi	T-:----:--:----	O	
69-11	og	og	CC:----:--:----	O	
69-12	kigge	kigge	VI:----:-a:----	B-verb.phenomenon|B-verb.communication|B-verb.act|B-verb.cognition	
69-13	på	på	T-:----:--:----	O	
69-14	.	.	ZP	O	

#id=70
#text=Tags:foto, januar, nytår, pandekager, Roskilde Fjord
70-1	Tags	tag	NC:piu#:--:----	B-noun.act|B-noun.feeling|B-noun.artifact	
70-2	:	:	ZP	O	
70-3	foto	foto	NC:siun:--:----	B-noun.act|B-noun.artifact	
70-4	,	,	ZD	O	
70-5	januar	januar	NC:siuc:--:----	B-noun.time	
70-6	,	,	ZD	O	
70-7	nytår	nytår	NC:siun:--:----	B-noun.time	
70-8	,	,	ZD	O	
70-9	pandekager	pandekage	NC:piu#:--:----	B-noun.food	
70-10	,	,	ZD	O	
70-11	Roskilde	Roskilde	NP:siu#:--:----	O	
70-12	Fjord	Fjord	NP:siu#:--:----	B-noun.location	

#id=71
#text=Jegskal til et foredrag d. 23. marts.
71-1	Jeg	jeg	PP:s-nc:--:-1n-	O	
71-2	skal	skulle	VF:----:sa:----	B-verb.motion|B-verb.phenomenon	
71-3	til	til	T-:----:--:----	O	
71-4	et	en	PI:s-un:--:----	O	
71-5	foredrag	foredrag	NC:siun:--:----	B-noun.act	
71-6	d	d	XS:----:--:----	O	
71-7	.	.	ZP	O	
71-8	23	23	LC:--u-:--:----	O	
71-9	.	.	ZP	O	
71-10	marts	marts	NC:siuc:--:----	B-noun.time|B-noun.building	
71-11	.	.	ZP	O	

#id=72
#text=Menselvfølgelig får han lov at ligge der, ham Møffe.
72-1	Men	men	CC:----:--:----	O	
72-2	selvfølgelig	selvfølgelig	D-:----:--:u---	O	
72-3	får	få	VF:----:sa:----	B-verb.change|B-verb.act|B-verb.phenomenon|B-verb.possession	
72-4	han	han	PP:s-nc:--:-3n-	O	
72-5	lov	lov	NC:siuc:--:----	B-noun.motive|B-noun.act|B-noun.attribute|B-noun.cognition|B-noun.institution	
72-6	at	at	UI:----:--:----	O	
72-7	ligge	ligge	VI:----:-a:----	B-verb.stative|B-verb.act|B-verb.motion	
72-8	der	der	D-:----:--:u---	O	
72-9	,	,	ZD	O	
72-10	ham	han	PP:s-uc:--:-3n-	O	
72-11	Møffe	Møffe	NP:siu#:--:----	O	
72-12	.	.	ZP	O	

#id=73
#text=Jeg får nemlig både samvær og ensomhed!
73-1	Jeg	jeg	PP:s-nc:--:-1n-	O	
73-2	får	få	VF:----:sa:----	B-verb.change|B-verb.act|B-verb.phenomenon|B-verb.possession	
73-3	nemlig	nemlig	D-:----:--:u---	O	
73-4	både	både	D-:----:--:u---	O	
73-5	samvær	samvær	NC:siun:--:----	B-noun.act	
73-6	og	og	CC:----:--:----	O	
73-7	ensomhed	ensomhed	NC:siuc:--:----	B-noun.cognition|B-noun.feeling	
73-8	!	!	ZP	O	

#id=74
#text=Oggu er han provokerende, mr.
74-1	Og	og	CC:----:--:----	O	
74-2	gu	gu	D-:----:--:u---	O	
74-3	er	være	VF:----:sa:----	B-verb.TOP|B-verb.social|B-verb.stative	
74-4	han	han	PP:s-nc:--:-3n-	O	
74-5	provokerende	provokere	VP:##u#:s-:----	B-verb.communication	
74-6	,	,	ZD	O	
74-7	mr	mr	XS:----:--:----	O	
74-8	.	.	ZP	O	

#id=75
#text=Her er det Artemis og en hjort.
75-1	Her	her	D-:----:--:u---	O	
75-2	er	være	VF:----:sa:----	B-verb.TOP|B-verb.social|B-verb.stative	
75-3	det	det	PP:s-un:--:-3n-	O	
75-4	Artemis	Artemis	NP:siu#:--:----	O	
75-5	og	og	CC:----:--:----	O	
75-6	en	en	PI:s-uc:--:----	O	
75-7	hjort	hjort	NC:siuc:--:----	B-noun.animal	
75-8	.	.	ZP	O	

#id=76
#text=Mad, madlavning, rødkål, wok
76-1	Mad	mad	NC:siuc:--:----	B-noun.food	
76-2	,	,	ZD	O	
76-3	madlavning	madlavning	NC:siuc:--:----	B-noun.domain|B-noun.act	
76-4	,	,	ZD	O	
76-5	rødkål	rødkål	NC:piu#:--:----	B-noun.plant|B-noun.food	
76-6	,	,	ZD	O	
76-7	wok	wok	NC:siuc:--:----	O	

#id=77
#text=På at installere styresystem, flytte data, finde programmer frem og få dem på plads igen (og investere i dem, der manglede).
77-1	På	på	T-:----:--:----	O	
77-2	at	at	UI:----:--:----	O	
77-3	installere	installere	VI:----:-a:----	B-verb.motion|B-verb.phenomenon	
77-4	styresystem	styresystem	NC:siun:--:----	B-noun.artifact	
77-5	,	,	ZD	O	
77-6	flytte	flytte	VI:----:-a:----	B-verb.motion	
77-7	data	data	NC:siun:--:----	B-noun.domain|B-noun.TOP|B-noun.artifact	
77-8	,	,	ZD	O	
77-9	finde	finde	VI:----:-a:----	B-verb.phenomenon|B-verb.act|B-verb.cognition|B-verb.motion	
77-10	programmer	program	NC:piu#:--:----	B-noun.communication|B-noun.act|B-noun.artifact|B-noun.cognition|B-noun.motive	
77-11	frem	frem	--:u---	O	
77-12	og	og	CC:----:--:----	O	
77-13	få	få	VI:----:-a:----	B-verb.change|B-verb.act|B-verb.phenomenon|B-verb.possession	
77-14	dem	de	PP:p-u#:--:-3n-	O	
77-15	på	på	T-:----:--:----	O	
77-16	plads	plads	NC:siuc:--:----	B-noun.TOP|B-noun.artifact|B-noun.act|B-noun.quantity|B-noun.location|B-noun.motive	
77-17	igen	igen	D-:----:--:u---	O	
77-18	(	(	ZD	O	
77-19	og	og	CC:----:--:----	O	
77-20	investere	investere	VI:----:-a:----	B-verb.motion	
77-21	i	i	T-:----:--:----	O	
77-22	dem	de	PP:p-u#:--:-3n-	O	
77-23	,	,	ZD	O	
77-24	der	der	US:----:--:----	O	
77-25	manglede	mangle	VF:----:ta:----	B-verb.stative|B-verb.act|B-verb.motion	
77-26	)	)	ZD	O	
77-27	.	.	ZP	O	

#id=78
#text=Tags:cykel, regn, regntøj
78-1	Tags	tag	NC:piu#:--:----	B-noun.act|B-noun.feeling|B-noun.artifact	
78-2	:	:	ZP	O	
78-3	cykel	cykel	NC:siuc:--:----	B-noun.vehicle	
78-4	,	,	ZD	O	
78-5	regn	regn	NC:siuc:--:----	B-noun.quantity|B-noun.phenomenon	
78-6	,	,	ZD	O	
78-7	regntøj	regntøj	NC:siun:--:----	B-noun.artifact	

#id=79
#text=Dendanske udgave får den unge chefkok Wassim Hallal som frontfigur, og p.t. søger TV2 dygtige kokke, der tør deltage i programmet.
79-1	Den	den	PM:s-uc:--:----	O	
79-2	danske	dansk	AC:sdu#:--:p---	B-adj.social|B-adj.phys	
79-3	udgave	udgave	NC:siuc:--:----	B-noun.act|B-noun.artifact|B-noun.communication	
79-4	får	få	VF:----:sa:----	B-verb.change|B-verb.act|B-verb.phenomenon|B-verb.possession	
79-5	den	den	PM:s-uc:--:----	O	
79-6	unge	ung	AC:sdu#:--:p---	B-adj.phys	
79-7	chefkok	chefkok	NC:siuc:--:----	O	
79-8	Wassim	Wassim	NP:siu#:--:----	O	
79-9	Hallal	Hallal	NP:siu#:--:----	O	
79-10	som	som	US:----:--:----	O	
79-11	frontfigur	frontfigur	NC:siuc:--:----	B-noun.person	
79-12	,	,	ZD	O	
79-13	og	og	CC:----:--:----	O	
79-14	p	pro	T-:----:--:----	O	
79-15	.	.	ZP	O	
79-16	t	tempore	XF:----:--:----	O	
79-17	.	.	ZP	O	
79-18	søger	søge	VF:----:sa:----	B-verb.motion|B-verb.act|B-verb.cognition	
79-19	TV2	TV2	NP:siu#:--:----	O	
79-20	dygtige	dygtig	AC:p#u#:--:p---	B-adj.phys|B-adj.all|B-adj.mental	
79-21	kokke	kok	NC:piu#:--:----	B-noun.animal|B-noun.person	
79-22	,	,	ZD	O	
79-23	der	der	US:----:--:----	O	
79-24	tør	turde	VF:----:sa:----	B-verb.change|B-verb.emotion|B-verb.motion|B-verb.phenomenon	
79-25	deltage	deltage	VI:----:-a:----	B-verb.social	
79-26	i	i	T-:----:--:----	O	
79-27	programmet	program	NC:sdun:--:----	B-noun.cognition|B-noun.artifact|B-noun.motive|B-noun.communication|B-noun.act	
79-28	.	.	ZP	O	

#id=80
#text=Du kan skrive en kommentar, eller sende et trackback fra dit eget site.
80-1	Du	du	PP:s-nc:--:-2n-	O	
80-2	kan	kunne	VF:----:sa:----	B-verb.social	
80-3	skrive	skrive	VI:----:-a:----	B-verb.creation|B-verb.communication	
80-4	en	en	PI:s-uc:--:----	O	
80-5	kommentar	kommentar	NC:siuc:--:----	B-noun.act|B-noun.communication	
80-6	,	,	ZD	O	
80-7	eller	eller	CC:----:--:----	O	
80-8	sende	sende	VI:----:-a:----	B-verb.phenomenon|B-verb.communication|B-verb.act	
80-9	et	en	PI:s-un:--:----	O	
80-10	trackback	trackback	NC:siun:--:----	O	
80-11	fra	fra	T-:----:--:----	O	
80-12	dit	din	PO:s--n:--:-2ns	O	
80-13	eget	egen	AC:siun:--:p---	O	
80-14	site	site	NC:siu#:--:----	B-noun.communication	
80-15	.	.	ZP	O	

#id=81
#text=Du kan skrive en kommentar, eller sende et trackback fra dit eget site.
81-1	Du	du	PP:s-nc:--:-2n-	O	
81-2	kan	kunne	VF:----:sa:----	B-verb.social	
81-3	skrive	skrive	VI:----:-a:----	B-verb.creation|B-verb.communication	
81-4	en	en	PI:s-uc:--:----	O	
81-5	kommentar	kommentar	NC:siuc:--:----	B-noun.act|B-noun.communication	
81-6	,	,	ZD	O	
81-7	eller	eller	CC:----:--:----	O	
81-8	sende	sende	VI:----:-a:----	B-verb.phenomenon|B-verb.communication|B-verb.act	
81-9	et	en	PI:s-un:--:----	O	
81-10	trackback	trackback	NC:siun:--:----	O	
81-11	fra	fra	T-:----:--:----	O	
81-12	dit	din	PO:s--n:--:-2ns	O	
81-13	eget	egen	AC:siun:--:p---	O	
81-14	site	site	NC:siu#:--:----	B-noun.communication	
81-15	.	.	ZP	O	

#id=82
#text=Alenei december smider danske husholdninger mad i skraldespanden for over 1,5 milliarder kroner, viser en beregning, som erhvervsorganisationen Landbrug & Fødevarer har foretaget  for Lørdagsliv.
82-1	Alene	alene	D-:----:--:u---	O	
82-2	i	i	T-:----:--:----	O	
82-3	december	december	NC:siuc:--:----	B-noun.time	
82-4	smider	smide	VF:----:sa:----	B-verb.social|B-verb.motion	
82-5	danske	dansk	AC:p#u#:--:p---	B-adj.social|B-adj.phys	
82-6	husholdninger	husholdning	NC:piu#:--:----	B-noun.act|B-noun.person	
82-7	mad	mad	NC:siuc:--:----	B-noun.food	
82-8	i	i	T-:----:--:----	O	
82-9	skraldespanden	skraldespand	NC:sduc:--:----	B-noun.container	
82-10	for	for	T-:----:--:----	O	
82-11	over	over	T-:----:--:----	O	
82-12	1	1	LC:--u-:--:----	O	
82-13	,	,	ZD	O	
82-14	5	5	-	O	
82-15	milliarder	milliard	NC:piu#:--:----	B-noun.quantity	
82-16	kroner	krone	NC:piu#:--:----	B-noun.plant|B-noun.artifact|B-noun.attribute|B-noun.body	
82-17	,	,	ZD	O	
82-18	viser	vise	VF:----:sa:----	B-verb.act|B-verb.communication|B-verb.social	
82-19	en	en	PI:s-uc:--:----	O	
82-20	beregning	beregning	NC:siuc:--:----	B-noun.cognition	
82-21	,	,	ZD	O	
82-22	som	som	US:----:--:----	O	
82-23	erhvervsorganisationen	erhvervsorganisation	NC:sduc:--:----	B-noun.institution	
82-24	Landbrug	landbrug	NC:siun:--:----	B-noun.institution|B-noun.TOP|B-noun.building	
82-25	&	&	CC:----:--:----	O	
82-26	Fødevarer	fødevare	NC:piu#:--:----	B-noun.food	
82-27	har	have	VF:----:sa:----	B-verb.perception|B-verb.communication|B-verb.cognition|B-verb.act|B-verb.phenomenon|B-verb.TOP	
82-28	foretaget	foretage	VT:siu#:t-:----	B-verb.act	
82-29	for	for	T-:----:--:----	O	
82-30	Lørdagsliv	Lørdagsliv	NP:siu#:--:----	O	
82-31	.	.	ZP	O	

#id=83
#text=Hun var på vej til sin anden af slagsen, og så sad hendes mor der i sin højt fremskredne alder og sagde, at hun aldrig havde været til 1. maj.
83-1	Hun	hun	PP:s-nc:--:-3n-	O	
83-2	var	være	VF:----:ta:----	B-verb.TOP|B-verb.social|B-verb.stative	
83-3	på	på	T-:----:--:----	O	
83-4	vej	vej	NC:siuc:--:----	B-noun.motive|B-noun.quantity|B-noun.location|B-noun.TOP	
83-5	til	til	T-:----:--:----	O	
83-6	sin	sin	XY:----:--:----	O	
83-7	anden	anden	PI:s-uc:--:----	O	
83-8	af	af	T-:----:--:----	O	
83-9	slagsen	slags	NC:sduc:--:----	B-noun.TOP	
83-10	,	,	ZD	O	
83-11	og	og	CC:----:--:----	O	
83-12	så	så	D-:----:--:u---	O	
83-13	sad	sidde	VF:----:ta:----	B-verb.stative|B-verb.act|B-verb.motion	
83-14	hendes	hendes	PO:#--#:--:-3ns	O	
83-15	mor	mor	NC:siuc:--:----	B-noun.animal|B-noun.person|B-noun.communication	
83-16	der	der	US:----:--:----	O	
83-17	i	i	T-:----:--:----	O	
83-18	sin	sin	PO:s--c:--:-3ys	O	
83-19	højt	høj	AD:----:--:p---	B-adj.phys|B-adj.all	
83-20	fremskredne	fremskride	VP:sdu#:t-:----	O	
83-21	alder	alder	NC:siuc:--:----	B-.time	
83-22	og	og	CC:----:--:----	O	
83-23	sagde	sige	VF:----:ta:----	B-verb.cognition|B-verb.communication|B-verb.phenomenon	
83-24	,	,	ZD	O	
83-25	at	at	CS:----:--:----	O	
83-26	hun	hun	PP:s-nc:--:-3n-	O	
83-27	aldrig	aldrig	D-:----:--:u---	O	
83-28	havde	have	VF:----:ta:----	B-verb.perception|B-verb.communication|B-verb.cognition|B-verb.act|B-verb.phenomenon|B-verb.TOP	
83-29	været	være	VT:siu#:t-:----	B-verb.TOP|B-verb.social|B-verb.stative	
83-30	til	til	T-:----:--:----	O	
83-31	1	1	LC:--u-:--:----	O	
83-32	.	.	ZP	O	
83-33	maj	maj	NC:siuc:--:----	B-noun.time	
83-34	.	.	ZP	O	

#id=84
#text=Skøntdyrlægen anbefalede 10 indedage,  forbarmede jeg mig over Møffe i morges og lod ham gå på udgang.
84-1	Skønt	skønt	CS:----:--:----	O	
84-2	dyrlægen	dyrlæge	NC:sduc:--:----	B-noun.communication|B-noun.person	
84-3	anbefalede	anbefale	VF:----:ta:----	O	
84-4	10	10	LC:--u-:--:----	O	
84-5	indedage	indedag	NC:piu#:--:----	O	
84-6	,	,	ZD	O	
84-7	forbarmede	forbarme	VF:----:ta:----	O	
84-8	jeg	jeg	PP:s-nc:--:-1n-	O	
84-9	mig	jeg	PP:s-uc:--:-1#-	O	
84-10	over	over	T-:----:--:----	O	
84-11	Møffe	Møffe	NP:siu#:--:----	O	
84-12	i	i	T-:----:--:----	O	
84-13	morges	morgen	NC:sifc:--:----	B-noun.time	
84-14	og	og	CC:----:--:----	O	
84-15	lod	lade	VF:----:ta:----	B-verb.act|B-verb.communication|B-verb.emotion|B-verb.change	
84-16	ham	han	PP:s-uc:--:-3n-	O	
84-17	gå	gå	VI:----:-a:----	B-verb.change|B-verb.act|B-verb.motion|B-verb.stative	
84-18	på	på	T-:----:--:----	O	
84-19	udgang	udgang	NC:siuc:--:----	B-noun.act|B-noun.location|B-noun.artifact	
84-20	.	.	ZP	O	

#id=85
#text=Du kan skrive en kommentar, eller sende et trackback fra dit eget site.
85-1	Du	du	PP:s-nc:--:-2n-	O	
85-2	kan	kunne	VF:----:sa:----	B-verb.social	
85-3	skrive	skrive	VI:----:-a:----	B-verb.creation|B-verb.communication	
85-4	en	en	PI:s-uc:--:----	O	
85-5	kommentar	kommentar	NC:siuc:--:----	B-noun.act|B-noun.communication	
85-6	,	,	ZD	O	
85-7	eller	eller	CC:----:--:----	O	
85-8	sende	sende	VI:----:-a:----	B-verb.phenomenon|B-verb.communication|B-verb.act	
85-9	et	en	PI:s-un:--:----	O	
85-10	trackback	trackback	NC:siun:--:----	O	
85-11	fra	fra	T-:----:--:----	O	
85-12	dit	din	PO:s--n:--:-2ns	O	
85-13	eget	egen	AC:siun:--:p---	O	
85-14	site	site	NC:siu#:--:----	B-noun.communication	
85-15	.	.	ZP	O	

#id=86
#text=Nærvær.
86-1	Nærvær	nærvær	NC:siun:--:----	O	
86-2	.	.	ZP	O	

#id=87
#text=Du kan skrive en kommentar, eller sende et trackback fra dit eget site.
87-1	Du	du	PP:s-nc:--:-2n-	O	
87-2	kan	kunne	VF:----:sa:----	B-verb.social	
87-3	skrive	skrive	VI:----:-a:----	B-verb.creation|B-verb.communication	
87-4	en	en	PI:s-uc:--:----	O	
87-5	kommentar	kommentar	NC:siuc:--:----	B-noun.act|B-noun.communication	
87-6	,	,	ZD	O	
87-7	eller	eller	CC:----:--:----	O	
87-8	sende	sende	VI:----:-a:----	B-verb.phenomenon|B-verb.communication|B-verb.act	
87-9	et	en	PI:s-un:--:----	O	
87-10	trackback	trackback	NC:siun:--:----	O	
87-11	fra	fra	T-:----:--:----	O	
87-12	dit	din	PO:s--n:--:-2ns	O	
87-13	eget	egen	AC:siun:--:p---	O	
87-14	site	site	NC:siu#:--:----	B-noun.communication	
87-15	.	.	ZP	O	

#id=88
#text=Faktisk er vandet strømmet ned over Manhattan hele dagen på den mest irriterende måde .
88-1	Faktisk	faktisk	AD:----:--:p---	B-adj.phys	
88-2	er	være	VF:----:sa:----	B-verb.TOP|B-verb.social|B-verb.stative	
88-3	vandet	vande	VT:siu#:t-:----	B-verb.change	
88-4	strømmet	strømme	VT:siu#:t-:----	B-verb.motion|B-verb.phenomenon	
88-5	ned	ned	D-:----:--:u---	O	
88-6	over	Over	XY:----:--:----	O	
88-7	Manhattan	Manhattan	XF:----:--:----	O	
88-8	hele	hele	NC:siun:--:----	B-noun.group	
88-9	dagen	dag	NC:sduc:--:----	B-noun.time	
88-10	på	på	T-:----:--:----	O	
88-11	den	den	PM:s-uc:--:----	O	
88-12	mest	megen	AD:----:--:s---	O	
88-13	irriterende	irritere	VP:##u#:s-:----	B-verb.emotion	
88-14	måde	måde	NC:siuc:--:----	B-noun.motive|B-noun.TOP|B-noun.communication	
88-15	.	.	ZP	O	

#id=89
#text=i Forfatterforeningen.
89-1	i	i	T-:----:--:----	O	
89-2	Forfatterforeningen	forfatterforening	NC:sduc:--:----	B-noun.institution	
89-3	.	.	ZP	O	

#id=90
#text=Detteindlæg blev udgivet den onsdag, 12. august 2009 kl. 11:42 og er gemt i At blogge, Kvindeliv, Min have.Du kan følge alle svar til dette indlæg via RSS 2.0-feedet.
90-1	Dette	denne	PM:s-un:--:----	O	
90-2	indlæg	indlæg	NC:siun:--:----	B-noun.act|B-noun.artifact|B-noun.communication	
90-3	blev	blive	VF:----:ta:----	B-verb.TOP|B-verb.act|B-verb.stative	
90-4	udgivet	udgive	VT:siu#:t-:----	B-verb.communication	
90-5	den	den	PM:s-uc:--:----	O	
90-6	onsdag	onsdag	NC:siuc:--:----	B-noun.time	
90-7	,	,	ZD	O	
90-8	12	12	LC:--u-:--:----	O	
90-9	.	.	ZP	O	
90-10	august	august	NC:siuc:--:----	B-noun.time	
90-11	2009	2009	LC:--u-:--:----	O	
90-12	kl	kl	XS:----:--:----	O	
90-13	.	.	ZP	O	
90-14	11	11	LC:--u-:--:----	O	
90-15	:	:	ZP	O	
90-16	42	42	LC:--u-:--:----	O	
90-17	og	og	CC:----:--:----	O	
90-18	er	være	VF:----:sa:----	B-verb.TOP|B-verb.social|B-verb.stative	
90-19	gemt	gemme	VT:siu#:t-:----	B-verb.motion	
90-20	i	i	T-:----:--:----	O	
90-21	At	at	:----:--:----	O	
90-22	blogge	blogge	VI:----:-a:----	O	
90-23	,	,	ZD	O	
90-24	Kvindeliv	kvindeliv	NC:siun:--:----	B-noun.phenomenon	
90-25	,	,	ZD	O	
90-26	Min	Min	XY:----:--:----	O	
90-27	have	have	VI:----:-a:----	B-verb.perception|B-verb.cognition|B-verb.act|B-verb.communication|B-verb.phenomenon|B-verb.TOP	
90-28	.	.	ZP	O	
90-29	Du	du	PP:s-nc:--:-2n-	O	
90-30	kan	kunne	VF:----:sa:----	B-verb.social	
90-31	følge	følge	VI:----:-a:----	B-verb.motion	
90-32	alle	al	PI:p-u#:--:----	O	
90-33	svar	svar	NC:piu#:--:----	B-noun.communication|B-noun.act|B-noun.person|B-noun.cognition	
90-34	til	til	T-:----:--:----	O	
90-35	dette	denne	PM:s-un:--:----	O	
90-36	indlæg	indlæg	NC:siun:--:----	B-noun.act|B-noun.artifact|B-noun.communication	
90-37	via	via	T-:----:--:----	O	
90-38	RSS	rss	XS:----:--:----	O	
90-39	2	2	LC:--u-:--:----	O	
90-40	.	.	ZP	O	
90-41	0	0	LC:--u-:--:----	O	
90-42	-	-	ZH	O	
90-43	feedet	feed	NC:sdun:--:----	O	
90-44	.	.	ZP	O	

#id=91
#text=Med sne på vejen og sne i luften.
91-1	Med	med	T-:----:--:----	O	
91-2	sne	sne	NC:siuc:--:----	B-noun.artifact|B-noun.food|B-noun.phenomenon	
91-3	på	på	T-:----:--:----	O	
91-4	vejen	vej	NC:sduc:--:----	B-noun.motive|B-noun.TOP|B-noun.location|B-noun.quantity	
91-5	og	og	CC:----:--:----	O	
91-6	sne	sne	NC:siuc:--:----	B-noun.artifact|B-noun.food|B-noun.phenomenon	
91-7	i	i	T-:----:--:----	O	
91-8	luften	luft	NC:sduc:--:----	B-noun.quantity|B-noun.location	
91-9	.	.	ZP	O	

#id=92
#text=Og en livlig opdatering fra de seneste 11 dage.
92-1	Og	og	CC:----:--:----	O	
92-2	en	en	PI:s-uc:--:----	O	
92-3	livlig	livlig	AC:siuc:--:p---	B-adj.all	
92-4	opdatering	opdatering	NC:siuc:--:----	O	
92-5	fra	fra	T-:----:--:----	O	
92-6	de	den	PM:p-u#:--:----	O	
92-7	seneste	sen	AC:§du§:--:s---	B-adj.time	
92-8	11	11	LC:--u-:--:----	O	
92-9	dage	dag	NC:piu#:--:----	B-noun.time	
92-10	.	.	ZP	O	

#id=93
#text=Du kan skrive en kommentar, eller sende et trackback fra dit eget site.
93-1	Du	du	PP:s-nc:--:-2n-	O	
93-2	kan	kunne	VF:----:sa:----	B-verb.social	
93-3	skrive	skrive	VI:----:-a:----	B-verb.creation|B-verb.communication	
93-4	en	en	PI:s-uc:--:----	O	
93-5	kommentar	kommentar	NC:siuc:--:----	B-noun.act|B-noun.communication	
93-6	,	,	ZD	O	
93-7	eller	eller	CC:----:--:----	O	
93-8	sende	sende	VI:----:-a:----	B-verb.phenomenon|B-verb.communication|B-verb.act	
93-9	et	en	PI:s-un:--:----	O	
93-10	trackback	trackback	NC:siun:--:----	O	
93-11	fra	fra	T-:----:--:----	O	
93-12	dit	din	PO:s--n:--:-2ns	O	
93-13	eget	egen	AC:siun:--:p---	O	
93-14	site	site	NC:siu#:--:----	B-noun.communication	
93-15	.	.	ZP	O	

#id=94
#text=Du kan skrive en kommentar, eller sende et trackback fra dit eget site.
94-1	Du	du	PP:s-nc:--:-2n-	O	
94-2	kan	kunne	VF:----:sa:----	B-verb.social	
94-3	skrive	skrive	VI:----:-a:----	B-verb.creation|B-verb.communication	
94-4	en	en	PI:s-uc:--:----	O	
94-5	kommentar	kommentar	NC:siuc:--:----	B-noun.act|B-unication	
94-6	,	,	ZD	O	
94-7	eller	eller	CC:----:--:----	O	
94-8	sende	sende	VI:----:-a:----	B-verb.phenomenon|B-verb.communication|B-verb.act	
94-9	et	en	PI:s-un:--:----	O	
94-10	trackback	trackback	NC:siun:--:----	O	
94-11	fra	fra	T-:----:--:----	O	
94-12	dit	din	PO:s--n:--:-2ns	O	
94-13	eget	egen	AC:siun:--:p---	O	
94-14	site	site	NC:siu#:--:----	B-noun.communication	
94-15	.	.	ZP	O	

#id=95
#text=Skaldu ud og proviantere på lørdag?
95-1	Skal	skulle	VF:----:sa:----	B-verb.motion|B-verb.phenomenon	
95-2	du	du	PP:s-nc:--:-2n-	O	
95-3	ud	ud	D-:----:--:u---	O	
95-4	og	og	CC:----:--:----	O	
95-5	proviantere	proviantere	VI:----:-a:----	B-verb.possession	
95-6	på	på	T-:----:--:----	O	
95-7	lørdag	lørdag	NC:siuc:--:----	B-noun.time	
95-8	?	?	ZQ	O	

#id=96
#text=Forledendag blev hun 16, min lille unge.
96-1	Forleden	forleden	AD:----:--:p---	B-adj.time	
96-2	dag	dag	NC:siuc:--:----	B-noun.time	
96-3	blev	blive	VF:----:ta:----	B-verb.TOP|B-verb.act|B-verb.stative	
96-4	hun	hun	PP:s-nc:--:-3n-	O	
96-5	16	16	LC:--u-:--:----	O	
96-6	,	,	ZD	O	
96-7	min	min	XY:----:--:----	O	
96-8	lille	lille	AC:s§u§:--:p---	B-adj.phys	
96-9	unge	unge	NC:siuc:--:----	B-noun.animal|B-noun.person	
96-10	.	.	ZP	O	

#id=97
#text=Du kan skrive en kommentar, eller sende et trackback fra dit eget site.
97-1	Du	du	PP:s-nc:--:-2n-	O	
97-2	kan	kunne	VF:----:sa:----	B-verb.social	
97-3	skrive	skrive	VI:----:-a:----	B-verb.creation|B-verb.communication	
97-4	en	en	PI:s-uc:--:----	O	
97-5	kommentar	kommentar	NC:siuc:--:----	B-noun.act|B-noun.communication	
97-6	,	,	ZD	O	
97-7	eller	eller	CC:----:--:----	O	
97-8	sende	sende	VI:----:-a:----	B-verb.phenomenon|B-verb.communication|B-verb.act	
97-9	et	en	PI:s-un:--:----	O	
97-10	trackback	trackback	NC:siun:--:----	O	
97-11	fra	fra	T-:----:--:----	O	
97-12	dit	din	PO:s--n:--:-2ns	O	
97-13	eget	egen	AC:siun:--:p---	O	
97-14	site	site	NC:siu#:--:----	B-noun.communication	
97-15	.	.	ZP	O	

#id=98
#text=Hardu tillid til den siddende regering? spurgte Catinét Research mig i går i et telefoninterview.
98-1	Har	have	VF:----:sa:----	B-verb.perception|B-verb.cognition|B-verb.act|B-verb.communication|B-verb.phenomenon|B-verb.TOP	
98-2	du	du	PP:s-nc:--:-2n-	O	
98-3	tillid	tillid	NC:siuc:--:----	B-noun.feeling	
98-4	til	til	T-:----:--:----	O	
98-5	den	den	PM:s-uc:--:----	O	
98-6	siddende	sidde	VP:##u#:s-:----	B-verb.stative|B-verb.act|B-verb.motion	
98-7	regering	regering	NC:siuc:--:----	B-noun.person	
98-8	?	?	ZQ	O	
98-9	spurgte	spørge	VF:----:ta:----	B-verb.communication	
98-10	Catinét	Catinét	NP:siu#:--:----	O	
98-11	Research	Research	NP:siu#:--:----	B-noun.act	
98-12	mig	mig	NC:siun:--:----	O	
98-13	i	i	T-:----:--:----	O	
98-14	går	går	NC:§§u§:--:----	O	
98-15	i	i	T-:----:--:----	O	
98-16	et	en	PI:s-un:--:----	O	
98-17	telefoninterview	telefoninterview	NC:siun:--:----	O	
98-18	.	.	ZP	O	

#id=99
#text=Husk, at du kan køre helt gratis med S-toget i dag.
99-1	Husk	huske	VM:----:--:----	B-verb.cognition	
99-2	,	,	ZD	O	
99-3	at	at	CS:----:--:----	O	
99-4	du	du	PP:s-nc:--:-2n-	O	
99-5	kan	kunne	VF:----:sa:----	B-verb.social	
99-6	køre	køre	VI:----:-a:----	B-verb.change|B-verb.motion	
99-7	helt	hel	AD:----:--:p---	B-adj.phys	
99-8	gratis	gratis	AC:§§u§:--:p---	B-adj.all	
99-9	med	med	T-:----:--:----	O	
99-10	S	S	NW:----:--:----	B-noun.communication	
99-11	-	-	ZH	O	
99-12	toget	tog	NC:sdun:--:----	B-noun.person|B-noun.vehicle	
99-13	i	i	T-:----:--:----	O	
99-14	dag	dag	NC:siuc:--:----	B-noun.time	
99-15	.	.	ZP	O	

#id=100
#text=Du kan skrive en kommentar, eller sende et trackback fra dit eget site.
100-1	Du	du	PP:s-nc:--:-2n-	O	
100-2	kan	kunne	VF:----:sa:----	B-verb.social	
100-3	skrive	skrive	VI:----:-a:----	B-verb.creation|B-verb.communication	
100-4	en	en	PI:s-uc:--:----	O	
100-5	kommentar	kommentar	NC:siuc:--:----	B-noun.act|B-noun.communication	
100-6	,	,	ZD	O	
100-7	eller	eller	CC:----:--:----	O	
100-8	sende	sende	VI:----:-a:----	B-verb.phenomenon|B-verb.communication|B-verb.act	
100-9	et	en	PI:s-un:--:----	O	
100-10	trackback	trackback	NC:siun:--:----	O	
100-11	fra	fra	T-:----:--:----	O	
100-12	dit	din	PO:s--n:--:-2ns	O	
100-13	eget	egen	AC:siun:--:p---	O	
100-14	site	site	NC:siu#:--:----	B-noun.communication	
100-15	.	.	ZP	O	

